"ORA_GL_PRIMARY_LEDGER_CONFIG.Name","Name","Description","ShortName","LedgerCategoryCode","AlcLedgerTypeCode","ObjectTypeCode","LeLedgerTypeCode","CurrencyCode","PeriodSetName","AccountedPeriodType","FirstLedgerPeriodName","SuspenseAllowedFlag","AllowIntercompanyPostFlag","TrackRoundingImbalanceFlag","EnableAverageBalancesFlag","EnableBudgetaryControlFlag","RequireBudgetJournalsFlag","EnableJeApprovalFlag","EnableAutomaticTaxFlag","ConsolidationLedgerFlag","TranslateEodFlag","TranslateQatdFlag","TranslateYatdFlag","AutomaticallyCreatedFlag","BalSegValueOptionCode","BalSegColumnName","MgtSegValueOptionCode","MgtSegColumnName","FutureEnterablePeriodsLimit","LedgerAttributes","LatestEncumbranceYear","SlaAccountingMethodCode","SlaAccountingMethodType","SlaDescriptionLanguage","SlaSequencingFlag","SlaBalByLedgerCurrFlag","EnableSecondaryTrackFlag","EnableRevalSsTrackFlag","LastUpdateDate","LastUpdatedBy","CreationDate","CreatedBy","LastUpdateLogin","Attribute1","Attribute2","Attribute3","Attribute4","Attribute5","Attribute6","Attribute7","Attribute8","Attribute9","Attribute10","Attribute11","Attribute12","Attribute13","Attribute14","Attribute15","AttributeNumber1","AttributeNumber2","AttributeNumber3","AttributeNumber4","AttributeNumber5","AttributeDate1","AttributeDate2","AttributeDate3","AttributeDate4","AttributeDate5","EnableReconciliationFlag","CreateJeFlag","SlaLedgerCashBasisFlag","UssglOptionCode","ValidateJournalRefDate","JrnlsGroupByDateFlag","RevalFromPriLgrCurr","AutorevAfterOpenPrdFlag","PriorPrdNotificationFlag","PopUpStatAccountFlag","ThresholdAmount","NumberOfProcessors","ProcessingUnitSize","AttributeCategory","ReleaseUpgradeFrom","TransactionCalendarName","BalSegValueSetCode","MgtSegValueSetCode","Name1","KeyFlexfieldCode","StructureInstanceCode","ApplicationShortName","CumTransCcidSegments","ResEncumCcidSegments","NetIncomeCcidSegments","RoundingCcidSegments","SlaEntCurBalSusSegments","SlaLedgerCurBalSusSegments","IntercoGainLossSegments","RetEarnCcidSegments","CrossLgrClrAccSegments","Name2","CriteriaSetName","CalendarName","PrimaryLedgerTrans","SecondaryLedgerTrans","AlcTrans","DataConversionLevelTrans","TaxDefaultLeTrans","DefaultLedgerIdTrans","LedgerDescriptionTrans","SLAMNameTrans","ProjectsImplementedTrans","SuspenseAccountCcidSegments","UserPeriodSetName","ApDocSequencingOptionFlag","ArDocSequencingOptionFlag","EnfSeqDateCorrelationCode","SequencingModeCode","AutomateSecJrnlRevFlag","NetClosingBalFlag","DailyTranslationRateTypeTrans","PeriodAverageRateTypeTrans","PeriodEndRateTypeTrans","BudgetPeriodAvgRateTypeTrans","BudgetPeriodEndRateTypeTrans","MinimumThresholdAmount","StrictPeriodCloseFlag","IncomeStmtAdbStatusCode","BalanceMjeByCurrencyFlag","SingleCurrencyJournalFlag"
"Hero Cycles US Ledger","Hero Cycles US Ledger","Hero Cycles US Ledger","300000257029230","PRIMARY","NONE","L","L","USD","Hero_cycles_Acc","MONTH9620286982","Nov-23","N","N","N","N","N","N","N","N","N","N","N","N","N","A","SEGMENT1","A","","1","L","","STANDARD_ACCRUAL","S","","","N","","","2022/11/28 07:26:35.865","Hero.Cycles","2022/11/28 07:25:49.001","Hero.Cycles","EE5C07963D65A17AE053C762F00A18B4","","","","","","","","","","","","","","","","","","","","","","","","","","N","Y","N","N","N","N","","Y","N","N","","1","5000","","","","HPCORP_Company_VS","","","GL#","Hero_cycles_COA_Instance","GL","","","","","","","","","","","","","Primary","","","","","","","","false","","Herocyc_Acc_Cal","","","N","N","","N","","","","","","","","N","N","N"
"Apple Inc US Ledger","Apple Inc US Ledger","Apple Inc US Ledger","300000257029240","PRIMARY","NONE","L","L","USD","AppleInc_Ac_Cal","MONTH9620443140","Jan-22","N","N","N","N","N","N","N","N","N","N","N","N","N","I","SEGMENT1","A","","1","L","","STANDARD_ACCRUAL","S","US","","N","","","2022/11/28 07:52:01.192","Ajinkya.Lad","2022/11/28 07:30:17.0","Ajinkya.Lad","EE7CCD6470C44A7AE0532063F00A1015","","","","","","","","","","","","","","","","","","","","","","","","","","N","Y","N","N","N","N","","Y","N","N","","1","5000","","","","Apple Inc VS","","Apple Inc US Ledger","GL#","Apple_Inc_COA_Instance","GL","","","","","","","","1000
2000
33100","","","","","Primary","","","","","","","","false","","AppleInc_Ac_Cal","","","N","N","","N","","","","","","","","N","N","N"
"Egoss USA Primary Ledger","Egoss USA Primary Ledger","","300000256674092","PRIMARY","NONE","L","L","USD","Egoss","MONTH9102877658","Jan-22","N","Y","N","N","N","N","N","N","N","N","N","N","N","I","SEGMENT1","A","SEGMENT2","1","L","2022","STANDARD_ACCRUAL","S","US","","N","","","2022/11/22 10:25:18.0","orange","2022/11/22 07:43:11.503","orange","EE0BA63EB9687BD7E053C762F00A1C42","","","","","","","","","","","","","","","","","","","","","","","","","","N","Y","N","N","N","N","","Y","N","N","","1","5000","","","","Company Egoss","","Egoss USA Primary Ledger","GL#","Egoss","GL","","","","1001
2001
60044
3001
4001
0000","1001
2001
60044
3001
4001
0000","","","1001
2001
31010
3001
4001
0000","","","","","Primary","","","","","","","","false","","Egoss","N","N","N","N","","","","","","","","","","N","N","N"
"tatauspl","tatauspl","tatauspl","300000257008854","PRIMARY","NONE","L","L","USD","tatauscal","MONTH9361444612","Jan-22","N","N","N","N","N","N","N","N","N","N","N","N","N","I","SEGMENT1","A","","1","L","","STANDARD_ACCRUAL","S","US","","N","","","2022/11/27 12:30:25.0","FIN_IMPL","2022/11/26 08:38:07.011","TATANEW","EE71E6BDB175C582E0532063F00AC442","","","","","","","","","","","","","","","","","","","","","","","","","","N","Y","N","N","N","N","","Y","N","N","","1","5000","","","","tatauscomp","","tatauspl","GL#","tatausins","GL","","","","","","","","101
000
000
0001","","","","","Primary","","","","","","","","false","","tatauscal","","","N","N","","N","","","","","","","","N","N","N"
"AU Council Primary Ledger","AU Council Primary Ledger","AU Council Primary Ledger (AUD)","300000219190442","PRIMARY","NONE","L","L","AUD","AU Council","MONTH2283793508","Jul-12","N","Y","N","N","Y","N","Y","N","N","N","N","N","N","I","SEGMENT1","A","SEGMENT2","1","L","2023","AUCOUNCILENCUMBRANCEACCRUAL","C","US","","N","","","2022/06/22 06:54:36.0","FIN_IMPL","2021/02/02 16:40:09.454","FIN_IMPL","E204343689D75CAAE0530364FD0A9840","","","","","","","","","","","","","","","","","","","","","","","","","","N","Y","N","N","N","N","","Y","N","Y","","1","5000","","","","Fund AU Council","","AU Council Primary Ledger","GL#","AU Council","GL","","701
00000
3130
00000
00000","","","","","","701
11000
3103
10000
00000","","","AU Council Primary Ledger","","Primary","","","","","","","","true","","AU Council","N","N","N","N","","","","Corporate","Corporate","","","","","N","N","N"
"HPCORP Ledger","HPCORP Ledger","HPCORP Ledger","300000256374656","PRIMARY","NONE","L","L","USD","HPCORP_ACC_CAL","MONTH9017160180","Jan-22","N","N","N","N","N","N","N","N","N","N","N","N","N","I","SEGMENT1","A","","1","L","","STANDARD_ACCRUAL","S","US","","N","","","2022/11/22 10:25:18.0","orange","2022/11/21 07:53:56.001","subbu.yadav","EE0BA63EB9687BD7E053C762F00A1C42","","","","","","","","","","","","","","","","","","","","","","","","","","N","Y","N","N","N","N","","Y","N","N","","1","5000","","","","HPCORP_Company_VS","","HPCORP Ledger","GL#","HPCORP_COA_Instance","GL","","","","","","","","1000
1000
33100","","","","","Primary","","","","","","","","false","","HPCORP_ACC_CAL","","","N","N","","N","","","","","","","","N","N","N"
"RISHIKESHUS US","RISHIKESHUS US","","300000256961208","PRIMARY","NONE","L","L","USD","RISHIKESHUS","MONTH9349240388","Jan-22","N","N","N","N","N","N","N","N","N","N","N","N","N","I","SEGMENT1","A","SEGMENT2","1","L","","STANDARD_ACCRUAL","S","US","","N","","","2022/11/27 12:30:25.0","FIN_IMPL","2022/11/25 04:08:13.306","CHRK","EE71E6BDB175C582E0532063F00AC442","","","","","","","","","","","","","","","","","","","","","","","","","","N","Y","N","N","N","N","","Y","N","N","","1","5000","","","","RISHICOMP RISHIKESHUS","","RISHIKESHUS US","GL#","RISHIKESHUS","GL","","","","","","","","101
001
001
0002","","","","","Primary","","","","","","","","false","","RISHIKESHUS","N","N","N","N","","","","","","","","","","N","N","N"
"Hero Cycles (US) Ledger","Hero Cycles (US) Ledger","Hero Cycles (US) Ledger","300000257067831","PRIMARY","NONE","L","L","USD","Hero_cycles_Acc","MONTH9620286982","Nov-23","N","N","N","N","N","N","N","N","N","N","N","N","N","I","SEGMENT1","A","","1","L","","STANDARD_ACCRUAL","S","US","","N","","","2022/11/28 14:45:30.211","Hero.Cycles","2022/11/28 13:32:14.002","Hero.Cycles","EE87B1C388BD1E3FE053C762F00A5A44","","","","","","","","","","","","","","","","","","","","","","","","","","N","Y","N","N","N","N","","Y","N","N","","1","5000","","","","Hero Cycles Company Value set","","Hero Cycles (US) Ledger","GL#","Hero_(Cycles)_COa_Instance","GL","","","","","","","","5000
6000
33100","","","","","Primary","","","","","","","","false","","Herocyc_Acc_Cal","","","N","N","","N","","","","","","","","N","N","N"
"Spain Primary Ledger","Spain Primary Ledger","Vision Spain Primary Ledger (EUR)","300000117819959","PRIMARY","NONE","L","L","EUR","AcctCalMMYY","MONTH8946725348","Adj01-13","Y","N","Y","N","N","N","N","N","N","N","N","N","N","I","SEGMENT1","A","SEGMENT1","1","L","2013","STANDARD_ACCRUAL","S","US","","Y","","","2021/09/29 12:00:15.0","CASEY.BROWN","2016/01/28 12:49:19.0","FIN_IMPL","CD20F9EC2B66B5D6E0530264FD0ACB09","","","","","","","","","","","","","","","","","","","","","","","","","","N","Y","N","N","N","N","","N","N","N","","1","5000","","","","Corporate Company","","Spain Primary Ledger","GL#","Corp_ES_CoA","GL","312
30
000
1350000
00000000
000
00000
312","","","312
30
000
6690000
00000000
000
00000
312","312
30
000
4109000
00000000
000
00000
312","","","312
30
000
1200000
00000000
000
00000
312","","","","","Primary","","","","","","","","false","312
30
000
4109000
00000000
000
00000
312","AcctCalMMYY","Y","Y","N","LE","","N","","Corporate","Corporate","","","","","N","",""
"Fin Svcs USGAAP INS PL","Fin Svcs USGAAP INS PL","Fin Svcs USGAAP Primary INS Ledger (USD)","300000136437848","PRIMARY","NONE","L","L","USD","AccountingMMMYY","MONTH3292782290","Jan-13","Y","Y","Y","N","N","N","N","N","N","N","N","N","N","I","SEGMENT1","A","SEGMENT1","1","L","2013","OFS_USGAAP_INS_PL_STD_ACCR","C","US","","Y","","","2021/09/29 12:00:15.0","CASEY.BROWN","2016/12/06 13:22:56.012","FIN_IMPL","CD20F9EC2B66B5D6E0530264FD0ACB09","","","","","","","","","","","","","","","","","","","","","","","","","","N","Y","N","N","N","N","","N","N","N","","1","5000","","","","Fin Svcs Legal Entity","","Fin Svcs USGAAP INS PL","GL#","Fin_Svcs_CoA","GL","20
20
35000
0000
000
000
000","","","20
20
58550
0000
000
000
000","20
20
19900
0000
000
000
000","","","20
20
33100
0000
000
000
000","","","","","Primary","","","","","","","","false","20
20
19900
0000
000
000
000","AccountingMMMYY","N","N","N","N","","N","","Corporate","Corporate","","","","","N","",""
"Federal US Primary Ledger","Federal US Primary Ledger","Vision Federal US Primary Ledger (USD).","300000216960831","PRIMARY","NONE","L","L","USD","US Federal","MONTH0035965400","Oct-18","N","N","N","N","Y","N","N","N","N","N","N","N","N","A","SEGMENT1","A","","1","L","2022","US_FEDERAL","S","US","","N","","","2022/05/13 05:11:15.0","FIN_IMPL","2021/01/07 18:24:22.001","FIN_IMPL","DED895BCB9797F06E0530264FD0A9289","","","","","","","","","","","","","","","","","","","","","","","","","","N","Y","N","N","N","N","","N","N","N","","1","5000","","","","Fed US Fund","","Federal US Primary Ledger","GL#","Federal_US_COA","GL","","F555X0118DA
0000
000000
000000
0000
61000001
2021
2021
2021
00000000
00000000","","","","","","F555X0118DA
0000
000000
000000
0000
33100001
2021
2021
2021
00000000
00000000","","","","","Primary","","","","","","","","false","","US Federal","","","N","N","","N","","Corporate","Corporate","","","","","N","N","N"
"Healthcare US Primary Ledger","Healthcare US Primary Ledger","Vision Healthcare US Primary Ledger (USD)","300000101474319","PRIMARY","NONE","L","L","USD","AccountingMMYY","MONTH2627157217","01-13","Y","Y","Y","N","Y","N","Y","N","N","N","N","N","N","I","SEGMENT1","A","SEGMENT1","1","L","2013","HEALTHCAREUSSTDACCRUAL","C","US","","Y","","","2021/09/29 12:00:15.0","CASEY.BROWN","2015/04/13 12:09:50.0","FIN_IMPL","CD20F9EC2B66B5D6E0530264FD0ACB09","","","","","","","","","","","","","","","","","","","","","","","","","","Y","Y","N","N","N","Y","","N","N","Y","","1","5000","","","","Healthcare Entity","","Healthcare US Primary Ledger","GL#","Healthcare_US_CoA","GL","110
00000
31800
00
00000
000
000
00000","","","110
00000
64530
00
00000
000
000
00000","110
00000
29900
00
00000
000
000
00000","","","110
00000
31900
00
00000
000
000
00000","","","","","Primary","","","","","","","","true","110
00000
29900
00
00000
000
000
00000","AccountingMMYY","N","N","N","N","","N","","Corporate","Corporate","","","","","N","",""
"Kuwait Ledger","Kuwait Ledger","Kuwait Ledger","300000247364249","PRIMARY","NONE","L","L","KWD","FiscalMMYY","MONTH6013585461","04-12","N","N","N","N","N","N","N","N","N","N","N","N","N","A","SEGMENT1","A","","1","L","","SAUSTANDARDACCRUAL","C","","","N","","","2022/05/25 07:06:25.0","FIN_IMPL","2022/05/20 01:06:09.001","BETTY.ANDERSON","DFD18753A5CAE0F9E0530264FD0AE063","","","","","","","","","","","","","","","","","","","","","","","","","","N","Y","N","N","N","N","","Y","N","N","","1","5000","","","","Corporate Company","","","GL#","Corp_SAU_CoA","GL","","","","","","","","","","","","","Primary","","","","","","","","false","","FiscalMMYY","","","N","N","","N","","","","","","","","N","N","N"
"Infy PL","Infy PL","Infy Ledger","300000256713724","PRIMARY","NONE","L","L","USD","Infy Calendar","MONTH9132806834","Jan-22","N","N","N","N","N","N","N","N","N","N","N","N","N","A","SEGMENT1","A","","1","L","2022","STANDARD_ACCRUAL","S","US","","N","","","2022/11/23 08:31:15.0","FAS09.STUDENT","2022/11/22 16:01:25.001","FAS09.STUDENT","EE1D40376FBE1FBAE0532063F00A733F","","","","","","","","","","","","","","","","","","","","","","","","","","N","Y","N","N","N","N","","Y","N","N","","1","5000","","","","Infy_Company","","Infy PL","GL#","INFYCOA","GL","","","","","","","","10
3250","","","","","Primary","","","","","","","","false","","Infy Calendar","","","N","N","","N","","","","","","","","N","N","N"
"TATAUSCOA US","TATAUSCOA US","","300000256992358","PRIMARY","NONE","L","L","USD","TATAUSCOA","MONTH9586823498","Jan-22","N","N","N","N","N","N","N","N","N","N","N","N","N","I","SEGMENT1","A","SEGMENT2","1","L","","STANDARD_ACCRUAL","S","US","","N","","","2022/11/27 22:20:43.215","TATANEW","2022/11/27 22:07:31.281","TATANEW","EE7BF9678AA04A2BE0532063F00A461B","","","","","","","","","","","","","","","","","","","","","","","","","","N","Y","N","N","N","N","","Y","N","N","","1","5000","","","","TATACOMP TATAUSCOA","","TATAUSCOA US","GL#","TATAUSCOA","GL","","","","","","","","101
001
001
0002","","","","","Primary","","","","","","","","false","","TATAUSCOA","N","N","N","N","","","","","","","","","","N","N","N"
"Progress UK GB","Progress UK GB","Progress UK GB Primary Ledger (GBP)","300000217507763","PRIMARY","NONE","L","L","GBP","Progress UK","MONTH0365891736","Jan-17","Y","N","Y","N","Y","N","N","N","N","N","N","N","N","I","SEGMENT1","A","SEGMENT2","1","L","2022","PROGUKENCUMBRANCEACCRUAL","C","US","","Y","","","2022/01/12 17:25:39.0","FIN_IMPL","2021/01/11 11:53:32.424","FIN_IMPL","D565878673F525A0E0530364FD0A75A0","","","","","","","","","","","","","","","","","","","","","","","","","","N","Y","N","N","N","N","","N","N","N","","1","5000","","","","Company Progress UK","","Progress UK GB","GL#","Progress UK","GL","110
35100
1111
000
000
110
000","110
31130
00010
000
000
110
000","","110
21290
00010
000
000
110
000","110
21290
00010
000
000
110
000","","","110
33400
1111
000
000
110
000","","","Progress UK GB","","Primary","","","","","","","","true","110
35000
00010
000
000
110
000","Progress UK","N","N","N","N","","","","Corporate","Corporate","","","","","N","N","N"
"Subbu Ledger US","Subbu Ledger US","","300000256508115","PRIMARY","NONE","L","L","USD","Subbu Ledger","4_4_59024721489","1-22","N","Y","N","N","N","N","N","N","N","N","N","N","N","I","SEGMENT1","A","SEGMENT2","1","L","","STANDARD_ACCRUAL","S","US","","N","","","2022/11/22 10:25:18.0","orange","2022/11/21 10:00:45.723","SCM02.STUDENT","EE0BA63EB9687BD7E053C762F00A1C42","","","","","","","","","","","","","","","","","","","","","","","","","","N","Y","N","N","N","N","","Y","N","N","","1","5000","","","","Company Subbu Ledger","","Subbu Ledger US","GL#","Subbu Ledger","GL","","","","3211
000
60044","3211
000
60044","","","3211
000
31010","","","","","Primary","","","","","","","","false","","Subbu Ledger","N","N","N","N","","","","","","","","","","N","N","N"
"Progress US Primary Ledger","GASB34 Secondary Ledger","Progress GASB 34 Reporting Secondary Ledger","300000075935688","SECONDARY","NONE","L","L","USD","GOV Calendar","OTHER1806538059","JUL-12","Y","Y","Y","N","N","N","N","N","N","N","N","N","N","I","SEGMENT1","A","SEGMENT1","1","L","2023","PROGGASBACCRUAL","C","US","","Y","","","2021/09/29 12:00:15.0","CASEY.BROWN","2014/06/13 13:15:20.001","FIN_IMPL","CD20F9EC2B66B5D6E0530264FD0ACB09","","","","","","","","","","","","","","","","","","","","","","","","","","N","Y","N","N","N","N","","N","N","N","","1","5000","","","","Progress Fund","","GASB34 Secondary Ledger","GL#","Public_Sector_US_CoA","GL","1001
0000
00000
35100
0000
0000
00000000","1001
0000
00000
31130
0000
0000
00000000","","1001
0000
00000
58230
0000
0000
00000000","1001
0000
00000
35000
0000
0000
00000000","","","1001
0000
00000
39010
0000
0000
00000000","","","","","","Secondary","","SUBLEDGER","","","","","false","1001
0000
00000
35000
0000
0000
00000000","GOV Calendar","N","N","","N","","","","Corporate","Corporate","","","","","N","",""
"University US Primary Ledger","University US Primary Ledger","University US Primary Ledger (USD)","300000094024319","PRIMARY","NONE","L","L","USD","GOV Calendar","OTHER1806538059","JUL-13","Y","Y","Y","N","Y","N","Y","N","N","N","N","N","N","I","SEGMENT1","A","SEGMENT1","1","L","2019","UNIVERSITYUSSTDACCRUAL","C","US","","Y","","","2021/09/29 12:00:15.0","CASEY.BROWN","2014/11/10 11:27:58.001","FIN_IMPL","CD20F9EC2B66B5D6E0530264FD0ACB09","","","","","","","","","","","","","","","","","","","","","","","","","","N","Y","N","N","N","N","","Y","N","N","","1","5000","","","","University Fund","","University US Primary Ledger","GL#","University_US_COA","GL","110
00000
35000
0000
000
00
000
000","110
00000
39999
0000
000
00
000
000","","110
00000
78550
0000
000
00
000
000","110
00000
29900
0000
000
00
000
000","","","110
00000
33100
0000
000
00
000
000","","","University US Primary Ledger","","Primary","","","","","","","","true","110
00000
29900
0000
000
00
000
000","GOV Calendar","N","N","N","N","","N","","Corporate","Corporate","","","","","N","",""
"France Primary Ledger","France Secondary Ledger","Vision France Secondary Ledger (USD)","300000047566111","SECONDARY","NONE","L","L","USD","AccountingMMYY","MONTH2627157217","01-10","Y","Y","Y","N","N","N","N","N","N","N","N","N","N","I","SEGMENT1","A","SEGMENT1","1","L","2010","FRSLSTANDARDACCRUAL","C","US","","Y","","","2021/09/29 12:00:15.0","CASEY.BROWN","2013/11/15 16:20:05.002","FIN_IMPL","CD20F9EC2B66B5D6E0530264FD0ACB09","","","","","","","","","","","","","","","","","","","","","","","","","","N","Y","N","N","N","N","","N","N","N","","1","5000","","","","Corporate Company","","France Secondary Ledger","GL#","Corp_US_CoA","GL","311
30
35000
000
000
000","","","311
30
78550
000
000
000","311
30
29900
000
000
000","","","311
30
33100
000
000
000","","","","","","Secondary","","SUBLEDGER","","","","","false","311
30
29900
000
000
000","AccountingMMYY","N","N","","N","","","","Corporate","Corporate","","","","","N","",""
"Progress US Primary Ledger","Progress US Primary Ledger","Progress US Primary Ledger (USD)","300000075887689","PRIMARY","NONE","L","L","USD","GOV Calendar","OTHER1806538059","JUL-12","N","Y","Y","N","Y","N","Y","N","N","N","N","N","N","I","SEGMENT1","A","SEGMENT1","1","L","2023","PROGUSENCUMBRANCEACCRUAL","C","US","","N","","","2022/07/08 22:23:43.814","FIN_IMPL","2014/06/10 11:00:07.0","FIN_IMPL","E2A82292D5FCF86BE0530364FD0A53E0","","","","","","","","","","","","","","","","","","","","","","","","","","N","Y","N","N","N","N","","N","N","N","","1","5000","","","","Progress Fund","","Progress US Primary Ledger","GL#","Public_Sector_US_CoA","GL","1001
0000
00000
35100
0000
0000
00000000","1001
0000
00000
31130
0000
0000
00000000","","1001
0000
00000
58230
0000
0000
00000000","1001
0000
00000
35000
0000
0000
00000000","","","1001
0000
00000
31212
0000
0000
00000000","","","Progress US Primary Ledger","","Primary","","","","","","","","true","","GOV Calendar","N","N","","N","","","","Corporate","Corporate","","","","","N","",""
"Poland Primary Ledger","Poland Primary Ledger","Vision Poland Primary Ledger (PLN)","300000172606735","PRIMARY","NONE","L","L","PLN","AccountingMMYY","MONTH2627157217","12-16","Y","Y","Y","N","N","N","N","N","N","N","N","N","N","I","SEGMENT1","A","","1","L","2016","POLANDSTANDARDACCRUAL","C","US","","Y","","","2021/09/29 12:00:15.0","CASEY.BROWN","2018/08/21 14:00:48.0","FIN_IMPL","CD20F9EC2B66B5D6E0530264FD0ACB09","","","","","","","","","","","","","","","","","","","","","","","","","","N","Y","N","N","N","N","","N","N","N","","1","5000","","","","Corporate Company","","Poland Primary Ledger","GL#","Corp_PL_CoA","GL","322
30
000
80500000
00000000
000
00000
000","","","322
30
710
75190000
00000000
000
00000
000","322
30
710
75190000
00000000
000
00000
000","","","322
30
000
86000000
00000000
000
00000
000","","","","","Primary","","","","","","","","false","322
30
000
20600000
00000000
000
00000
000","AccountingMMYY","","","N","N","","N","","PeriodAverage","PeriodEnd","","","","","N","",""
"France Primary Ledger","France Primary Ledger","Vision France Primary Ledger (EUR)","300000047488121","PRIMARY","NONE","L","L","EUR","AccountingMMYY","MONTH2627157217","01-10","Y","Y","Y","N","N","N","Y","N","N","N","N","N","N","I","SEGMENT1","A","SEGMENT1","1","L","2010","FRANCESTANDARDACCRUAL","C","US","","N","","","2021/09/29 12:00:15.0","CASEY.BROWN","2013/11/11 17:40:16.001","FIN_IMPL","CD20F9EC2B66B5D6E0530264FD0ACB09","","","","","","","","","","","","","","","","","","","","","","","","","","N","Y","N","N","N","N","","N","N","N","","1","5000","","","","Corporate Company","","France Primary Ledger","GL#","Corp_FR_CoA","GL","311
30
476800
000
000
000","","","311
30
668000
000
000
000","311
30
471000
000
000
000","","","311
30
120000
000
000
000","","","","","Primary","","","","","","","","true","311
30
471000
000
000
000","AccountingMMYY","N","N","","L","","","","Corporate","Corporate","","","","","N","",""
"Turkey Primary Ledger","Turkey Primary Ledger","Vision Turkey Primary Ledger (TRY)","300000141993058","PRIMARY","NONE","L","L","TRY","AcctCalMMYY","MONTH8946725348","12-15","Y","N","Y","N","N","N","N","N","N","N","N","N","N","I","SEGMENT1","A","SEGMENT1","3","L","2015","TURKEYSTANDARDACCRUAL","C","US","","Y","","","2021/09/29 12:00:15.0","CASEY.BROWN","2017/04/21 14:24:43.003","FIN_IMPL","CD20F9EC2B66B5D6E0530264FD0ACB09","","","","","","","","","","","","","","","","","","","","","","","","","","N","Y","N","N","N","N","","N","N","N","","1","5000","","","","Corporate Company","","Turkey Primary Ledger","GL#","Corp_TR_CoA","GL","315
30
000
54000
00000000
000
00000
000","","","315
30
000
67900
00000000
000
00000
000","315
30
000
48100
00000000
000
00000
000","","","315
30
000
57000
00000000
000
00000
000","","","","","Primary","","","","","","","","false","315
30
000
48100
00000000
000
00000
000","AcctCalMMYY","","","N","N","","N","","Corporate","Corporate","","","","","N","",""
"UAE Primary Ledger","UAE Primary Ledger","Vision UAE Primary Ledger (AED)","300000150998360","PRIMARY","NONE","L","L","AED","AccountingMMYY","MONTH2627157217","12-14","Y","Y","Y","N","N","N","Y","N","N","N","N","N","N","I","SEGMENT1","A","","1","L","2014","UAESTANDARDACCRUAL","C","US","","Y","","","2021/09/29 12:00:15.0","CASEY.BROWN","2017/08/23 09:26:34.003","FIN_IMPL","CD20F9EC2B66B5D6E0530264FD0ACB09","","","","","","","","","","","","","","","","","","","","","","","","","","N","Y","N","N","N","N","","N","N","Y","","1","5000","","","","Corporate Company","","UAE Primary Ledger","GL#","Corp_UAE_CoA","GL","351
30
35000
000
000
000","","","351
30
78550
000
000
000","351
30
29900
000
000
000","","","351
30
33100
000
000
000","","","","","Primary","","","","","","","","false","351
30
29900
000
000
000","AccountingMMYY","","","N","N","","N","","Corporate","Corporate","","","","","N","",""
"NextGen BR","NextGen BR","NextGen Energy Brazil (BRL), Oil & Gas Industry","300000255143676","PRIMARY","NONE","L","L","BRL","NextGen","MONTH3799412655","Jan-20","N","Y","N","N","N","N","N","N","N","N","N","N","N","I","SEGMENT1","A","SEGMENT2","1","L","2020","NEXTGEN_BR_STD_ACCRUAL","C","US","","N","","","2022/09/22 16:29:52.0","FIN_IMPL","2022/09/21 22:32:45.949","FIN_IMPL","E91708B6BB3F0D43E0530264FD0AAA45","","","","","","","","","","","","","","","","","","","","","","","","","","N","Y","N","N","N","N","","Y","N","N","","1","5000","","","","Company NextGen","","NextGen BR","GL#","NextGen","GL","","","","401
00
000
71598
000
000","401
00
000
71598
000
000","","","401
00
000
32001
000
000","","","","","Primary","","","","","","","","false","","NextGen","N","N","N","N","","","","","","","","","","N","N","N"
"Infy Primary Ledger","Infy Primary Ledger","Infy Primary Ledger","300000256713496","PRIMARY","NONE","L","L","USD","annual Calendar","YEAR06584491206","FY1-13","N","N","N","N","N","N","N","N","N","N","N","N","N","A","SEGMENT1","A","","1","L","","","","","","N","","","2022/11/23 08:31:14.0","FAS09.STUDENT","2022/11/22 10:40:17.001","FAS09.STUDENT","EE1D40376FBE1FBAE0532063F00A733F","","","","","","","","","","","","","","","","","","","","","","","","","","N","Y","N","N","N","N","","Y","N","N","","1","5000","","","","Infy_Company","","","GL#","INFYCOA","GL","","","","","","","","","","","","","Primary","","","","","","","","false","","Annual Calendar","","","N","N","","N","","","","","","","","N","N","N"
"NextGen CA","NextGen CA","NextGen Energy Canada (CAD), Oil & Gas Industry","300000255143674","PRIMARY","NONE","L","L","CAD","NextGen","MONTH3799412655","Jan-20","N","Y","N","N","N","N","N","N","N","N","N","N","N","I","SEGMENT1","A","SEGMENT2","1","L","2020","NEXTGEN_CA_STD_ACCRUAL","C","US","","N","","","2022/09/22 16:30:02.886","FIN_IMPL","2022/09/21 22:32:44.717","FIN_IMPL","E91708B6BB3F0D43E0530264FD0AAA45","","","","","","","","","","","","","","","","","","","","","","","","","","N","Y","N","N","N","N","","Y","N","N","","1","5000","","","","Company NextGen","","NextGen CA","GL#","NextGen","GL","","","","201
00
000
71598
000
000","201
00
000
71598
000
000","","","201
00
000
32001
000
000","","","","","Primary","","","","","","","","false","","NextGen","N","N","N","N","","","","","","","","","","N","N","N"
"NextGen GB","NextGen GB","NextGen Energy Great Britain (GBP), Oil & Gas Industry","300000255143675","PRIMARY","NONE","L","L","GBP","NextGen","MONTH3799412655","Jan-20","N","Y","N","N","N","N","N","N","N","N","N","N","N","I","SEGMENT1","A","SEGMENT2","1","L","2020","NEXTGEN_GB_STD_ACCRUAL","C","US","","N","","","2022/09/22 16:30:13.992","FIN_IMPL","2022/09/21 22:32:45.357","FIN_IMPL","E91708B6BB3F0D43E0530264FD0AAA45","","","","","","","","","","","","","","","","","","","","","","","","","","N","Y","N","N","N","N","","Y","N","N","","1","5000","","","","Company NextGen","","NextGen GB","GL#","NextGen","GL","","","","301
00
000
71598
000
000","301
00
000
71598
000
000","","","301
00
000
32001
000
000","","","","","Primary","","","","","","","","false","","NextGen","N","N","N","N","","","","","","","","","","N","N","N"
"Mexico Primary Ledger","Mexico Primary Ledger","Vision Mexico Primary Ledger (MXN)","300000195964379","PRIMARY","NONE","L","L","MXN","AccountingMMYY","MONTH2627157217","01-10","Y","Y","Y","N","N","N","Y","N","N","N","N","N","N","I","SEGMENT1","A","","1","L","2010","MEXICOSTANDARDACC","C","US","","Y","","","2021/09/29 12:00:15.0","CASEY.BROWN","2020/04/02 09:25:04.002","FIN_IMPL","CD20F9EC2B66B5D6E0530264FD0ACB09","","","","","","","","","","","","","","","","","","","","","","","","","","N","Y","N","N","N","N","","N","N","Y","","1","5000","","","","Corporate Company","","Mexico Primary Ledger","GL#","Corp_MX_CoA","GL","251
40
35000
000
000
000","","","251
40
78550
000
000
000","251
40
29900
000
000
000","","","251
40
33100
000
000
000","","","","","Primary","","","","","","","","false","251
40
29900
000
000
000","AccountingMMYY","","","N","N","","N","","Corporate","Corporate","","","","","N","",""
"NextGen US","NextGen US","NextGen Energy United States (USD), Oil & Gas Industry","300000255143673","PRIMARY","NONE","L","L","USD","NextGen","MONTH3799412655","Jan-20","N","Y","N","N","N","N","N","N","N","N","N","N","N","I","SEGMENT1","A","SEGMENT2","1","L","2020","NEXTGEN_US_STD_ACCRUAL","C","US","","N","","","2022/09/22 16:30:31.795","FIN_IMPL","2022/09/21 22:32:32.517","FIN_IMPL","E91708B6BB3F0D43E0530264FD0AAA45","","","","","","","","","","","","","","","","","","","","","","","","","","N","Y","N","N","N","N","","Y","N","N","","1","5000","","","","Company NextGen","","NextGen US","GL#","NextGen","GL","","","","101
00
000
71598
000
000","101
00
000
71598
000
000","","","101
00
000
32001
000
000","","","","","Primary","","","","","","","","false","","NextGen","N","N","N","N","","","","","","","","","","N","N","N"
"India Primary Ledger","India Primary Ledger","Vision India Primary Ledger (INR)","300000184410368","PRIMARY","NONE","L","L","INR","FiscalMMYY","MONTH6013585461","12-16","Y","Y","Y","N","N","N","Y","N","N","N","N","N","N","I","SEGMENT1","A","","1","L","2017","INDIASTANDARDACCRUAL","C","US","","Y","","","2021/09/29 12:00:15.0","CASEY.BROWN","2019/06/12 11:22:06.002","FIN_IMPL","CD20F9EC2B66B5D6E0530264FD0ACB09","","","","","","","","","","","","","","","","","","","","","","","","","","Y","Y","N","N","N","Y","","Y","N","N","","1","5000","","","","Corporate Company","","India Primary Ledger","GL#","Corp_IN_CoA","GL","410
40
35000
000
000
000","","","410
40
78550
000
000
000","410
40
29900
000
000
000","","","410
40
33100
000
000
000","","","India Primary Ledger","","Primary","","","","","","","","true","410
40
29900
000
000
000","FiscalMMYY","","","N","N","","N","","Corporate","Corporate","","","","","N","",""
"India Primary Ledger","India Secondary Ledger","Vision India Secondary Ledger (USD)","300000184410412","SECONDARY","NONE","L","L","USD","AccountingMMYY","MONTH2627157217","12-16","Y","N","Y","N","N","N","N","N","N","N","N","N","N","I","SEGMENT1","A","","1","L","2016","INDIASLSTANDARDACCRUAL","C","US","","Y","","","2021/09/29 12:00:15.0","CASEY.BROWN","2019/06/12 14:21:42.001","FIN_IMPL","CD20F9EC2B66B5D6E0530264FD0ACB09","","","","","","","","","","","","","","","","","","","","","","","","","","N","Y","N","N","N","Y","","N","N","N","","1","5000","","","","Corporate Company","","India Secondary Ledger","GL#","Corp_US_CoA","GL","410
40
35000
000
000
000","","","410
40
78550
000
000
000","410
40
29900
000
000
000","","","410
40
33100
000
000
000","","","","","","Secondary","","SUBLEDGER","","","","","false","410
40
29900
000
000
000","AccountingMMYY","","","","N","","N","","Corporate","Corporate","","","","","N","",""
"US Primary Ledger","US IFRS Secondary Ledger","Vision US IFRS Secondary Ledger (USD)","300000046988965","SECONDARY","NONE","L","L","USD","AccountingMMYY","MONTH2627157217","01-11","Y","Y","Y","N","N","N","N","N","N","N","N","N","N","I","SEGMENT1","A","SEGMENT1","1","L","2011","USSTANDARDACCRUAL","C","US","","Y","","","2021/09/29 12:00:15.0","CASEY.BROWN","2013/10/25 12:16:06.004","FIN_IMPL","CD20F9EC2B66B5D6E0530264FD0ACB09","","","","","","","","","","","","","","","","","","","","","","","","","","N","Y","N","N","N","N","","N","N","N","","1","5000","","","","Corporate Company","","US IFRS Secondary Ledger","GL#","Corp_US_CoA","GL","101
10
35000
000
000
000","","","101
10
78550
000
000
000","101
10
29900
000
000
000","","","101
10
33100
000
000
000","","","","","","Secondary","","SUBLEDGER","","","","","false","101
10
29900
000
000
000","AccountingMMYY","N","N","","N","","","","Corporate","Corporate","","","","","N","",""
"US Primary Ledger","REPORTING PAB","REPORTING PAB","300000157763971","ALC","TARGET","L","L","PAB","AccountingMMYY","MONTH2627157217","01-11","Y","Y","Y","N","N","N","N","N","N","N","N","N","N","I","SEGMENT1","A","SEGMENT1","1","L","","USSTANDARDACCRUAL","C","US","","Y","","","2021/09/29 12:00:15.0","CASEY.BROWN","2017/11/09 22:08:45.145","FIN_IMPL","CD20F9EC2B66B5D6E0530264FD0ACB09","","","","","","","","","","","","","","","","","","","","","","","","","","Y","Y","N","N","N","N","N","N","N","N","","1","5000","","","","Corporate Company","","REPORTING PAB","GL#","Corp_US_CoA","GL","101
10
35000
000
000
000","","","101
10
78550
000
000
000","101
10
29900
000
000
000","","","101
10
33100
000
000
000","","","","","","","Alc","","","","","","false","","AccountingMMYY","N","N","","N","","N","","Corporate","Corporate","","","","","N","",""
"Healthcare Payor US PL","Healthcare Payor US PL","Vision Healthcare Payor US Primary Ledger (USD)","300000173090667","PRIMARY","NONE","L","L","USD","AccountingMMYY","MONTH2627157217","12-15","Y","N","Y","N","N","N","N","N","N","N","N","N","N","I","SEGMENT1","A","","1","L","2015","HCPAYORUSSTANDARDACCRUAL","C","US","","Y","","","2021/09/29 12:00:15.0","CASEY.BROWN","2018/09/07 10:49:59.001","FIN_IMPL","CD20F9EC2B66B5D6E0530264FD0ACB09","","","","","","","","","","","","","","","","","","","","","","","","","","N","Y","N","N","N","N","","N","N","N","","1","5000","","","","HC Payor Company","","Healthcare Payor US PL","GL#","HC_Payor_US_CoA","GL","101
00
35000
000
000
000","","","101
00
78550
000
000
000","101
00
29900
000
000
000","","","101
00
33100
000
000
000","","","","","Primary","","","","","","","","false","101
00
29900
000
000
000","AccountingMMYY","","","N","N","","N","","Corporate","Corporate","","","","","N","",""
"US Primary Ledger","US Primary Ledger","Vision US Primary Ledger (USD)","300000046975971","PRIMARY","SOURCE","L","L","USD","AccountingMMYY","MONTH2627157217","01-11","Y","Y","Y","N","N","N","Y","N","N","N","N","N","N","I","SEGMENT1","A","SEGMENT1","1","L","2011","USSTANDARDACCRUAL","C","US","","Y","","","2021/09/29 12:00:15.0","CASEY.BROWN","2013/10/24 15:14:03.0","FIN_IMPL","CD20F9EC2B66B5D6E0530264FD0ACB09","","","","","","","","","","","","","","","","","","","","","","","","","","Y","Y","N","N","N","N","","N","N","N","","1","5000","","","","Corporate Company","","US Primary Ledger","GL#","Corp_US_CoA","GL","101
10
35000
000
000
000","","","101
10
78550
000
000
000","101
10
29900
000
000
000","","","101
10
33100
000
000
000","","","","","Primary","","","","","","","","true","101
10
29900
000
000
000","AccountingMMYY","N","N","","N","","","","Corporate","Corporate","","","","","N","",""
"Sweden Primary Ledger","Sweden Primary Ledger","Vision Sweden Primary Ledger (SEK)","300000137440136","PRIMARY","NONE","L","L","SEK","AccountingMMYY","MONTH2627157217","12-13","Y","Y","Y","N","N","N","N","N","N","N","N","N","N","I","SEGMENT1","A","SEGMENT1","1","L","2013","SWEDENSTDACCRUAL","C","US","","Y","","","2021/09/29 12:00:15.0","CASEY.BROWN","2017/01/17 14:45:21.002","FIN_IMPL","CD20F9EC2B66B5D6E0530264FD0ACB09","","","","","","","","","","","","","","","","","","","","","","","","","","N","Y","N","N","N","N","","N","N","N","","1","5000","","","","Corporate Company","","Sweden Primary Ledger","GL#","Corp_SE_CoA","GL","302
30
2095
000
000
000","","","302
30
3740
000
000
000","302
30
2999
000
000
000","","","302
30
2091
000
000
000","","","","","Primary","","","","","","","","false","302
30
2999
000
000
000","AccountingMMYY","N","N","N","LE","","N","","Corporate","Corporate","","","","","N","",""
"SAU Primary Ledger","SAU Primary Ledger","Vision Saudi Arabia Primary Ledger (SAR)","300000157698798","PRIMARY","NONE","L","L","SAR","AccountingMMYY","MONTH2627157217","12-14","Y","N","Y","N","N","N","N","N","N","N","N","N","N","I","SEGMENT1","A","","1","L","2014","SAUSTANDARDACCRUAL","C","US","","Y","","","2021/09/29 12:00:15.0","CASEY.BROWN","2017/11/09 14:01:22.001","FIN_IMPL","CD20F9EC2B66B5D6E0530264FD0ACB09","","","","","","","","","","","","","","","","","","","","","","","","","","Y","Y","N","N","N","N","","N","N","Y","","1","5000","","","","Corporate Company","","SAU Primary Ledger","GL#","Corp_SAU_CoA","GL","352
30
35000
000
000
000","","","352
30
78550
000
000
000","352
30
29900
000
000
000","","","352
30
33100
000
000
000","","","","","Primary","","","","","","","","false","352
30
29900
000
000
000","AccountingMMYY","","","N","N","","N","","Corporate","Corporate","","","","","N","",""
"Germany Primary Ledger","Germany Secondary Ledger","Vision Germany Secondary Ledger (USD)","300000202882023","SECONDARY","NONE","L","L","USD","AccountingMMYY","MONTH2627157217","12-16","Y","N","Y","N","N","N","N","N","N","N","N","N","N","I","SEGMENT1","A","","1","L","2016","USSTANDARDIFRS","C","US","","Y","","","2021/09/29 12:00:15.0","CASEY.BROWN","2020/06/03 16:37:14.001","FIN_IMPL","CD20F9EC2B66B5D6E0530264FD0ACB09","","","","","","","","","","","","","","","","","","","","","","","","","","Y","Y","N","N","N","Y","","N","N","N","","1","5000","","","","Corporate Company","","Germany Secondary Ledger","GL#","Corp_US_CoA","GL","301
30
35000
000
000
000","","","301
30
78550
000
000
000","301
30
29900
000
000
000","","","301
30
33100
000
000
000","","","","","","Secondary","","SUBLEDGER","","","","","false","301
30
29900
000
000
000","AccountingMMYY","N","N","","N","","N","","Corporate","Corporate","","","","","N","",""
"Netherlands Primary Ledger","Netherlands Primary Ledger","Vision Netherlands Primary Ledger (EUR)","300000131552112","PRIMARY","NONE","L","L","EUR","AccountingMMYY","MONTH2627157217","12-13","Y","N","Y","N","N","N","N","N","N","N","N","N","N","I","SEGMENT1","A","SEGMENT1","1","L","2013","EUSTANDARDACCRUAL","C","US","","Y","","","2022/11/24 11:55:10.678","FAS08.STUDENT","2016/08/24 09:13:08.004","FIN_IMPL","ED844EFF11990E3DE0532063F00A8EEC","","","","","","","","","","","","","","","","","","","","","","","","","","N","Y","N","N","N","N","","N","N","N","","1","5000","","","","Corporate Company","","Netherlands Primary Ledger","GL#","Corp_EU_CoA","GL","304
30
134000
000
000
000","","","304
30
644000
000
000
000","304
30
494000
000
000
000","","","304
30
140000
000
000
000","","","","","Primary","","","","","","","","false","304
30
494000
000
000
000","AccountingMMYY","N","N","N","N","","N","","Corporate","Corporate","","","","","N","",""
"Australia Primary Ledger","Australia Primary Ledger","Vision Australia Primary Ledger (AUD)","300000129460415","PRIMARY","NONE","L","L","AUD","ANZ Calendar","MONTH3405339327","Jul-12","Y","Y","Y","N","N","N","N","N","N","N","N","N","N","I","SEGMENT1","A","SEGMENT1","1","L","2013","ANZSTANDARDACCRUAL","C","US","","Y","","","2021/09/29 12:00:15.0","CASEY.BROWN","2016/05/23 12:47:00.015","FIN_IMPL","CD20F9EC2B66B5D6E0530264FD0ACB09","","","","","","","","","","","","","","","","","","","","","","","","","","N","Y","N","N","N","N","","N","N","N","","1","5000","","","","Corporate Company","","Australia Primary Ledger","GL#","Corp_ANZ_CoA","GL","451
40
35000
000
000
000","","","451
40
78550
000
000
000","451
40
29900
000
000
000","","","451
40
33100
000
000
000","","","","","Primary","","","","","","","","false","451
40
29900
000
000
000","ANZ Calendar","N","N","N","N","","N","","Corporate","Corporate","","","","","N","",""
"New Zealand Primary Ledger","New Zealand Primary Ledger","Vision New Zealand Primary Ledger (NZD)","300000129460424","PRIMARY","NONE","L","L","NZD","ANZ Calendar","MONTH3405339327","Jul-12","Y","Y","Y","N","N","N","N","N","N","N","N","N","N","I","SEGMENT1","A","SEGMENT1","1","L","2013","STANDARD_ACCRUAL","S","US","","Y","","","2021/09/29 12:00:15.0","CASEY.BROWN","2016/05/23 13:39:54.001","FIN_IMPL","CD20F9EC2B66B5D6E0530264FD0ACB09","","","","","","","","","","","","","","","","","","","","","","","","","","N","Y","N","N","N","N","","N","N","N","","1","5000","","","","Corporate Company","","New Zealand Primary Ledger","GL#","Corp_ANZ_CoA","GL","452
40
35000
000
000
000","","","452
40
78550
000
000
000","452
40
29900
000
000
000","","","452
40
33100
000
000
000","","","","","Primary","","","","","","","","false","452
40
29900
000
000
000","ANZ Calendar","N","N","N","N","","N","","Corporate","Corporate","","","","","N","",""
"Fin Svcs USSTAT INS PL","Fin Svcs USSTAT INS PL","Fin Svcs USSTAT Primary INS Ledger (USD)","300000136437851","PRIMARY","NONE","L","L","USD","AccountingMMMYY","MONTH3292782290","Jan-13","Y","Y","Y","N","N","N","N","N","N","N","N","N","N","A","SEGMENT1","A","SEGMENT1","1","L","2013","OFS_USGAAP_INS_PL_STD_ACCR","C","US","","Y","","","2021/09/29 12:00:15.0","CASEY.BROWN","2016/12/06 13:27:44.002","FIN_IMPL","CD20F9EC2B66B5D6E0530264FD0ACB09","","","","","","","","","","","","","","","","","","","","","","","","","","N","Y","N","N","N","N","","N","N","N","","1","5000","","","","Fin Svcs Legal Entity","","Fin Svcs USSTAT INS PL","GL#","Fin_Svcs_CoA","GL","20
20
35000
0000
000
000
000","","","20
20
58550
0000
000
000
000","20
20
19900
0000
000
000
000","","","20
20
33100
0000
000
000
000","","","","","Primary","","","","","","","","false","20
20
19900
0000
000
000
000","AccountingMMMYY","N","N","N","N","","N","","Corporate","Corporate","","","","","N","",""
"Switzerland Primary Ledger","Switzerland Primary Ledger","Vision Switzerland Primary Ledger (CHF)","300000107691109","PRIMARY","NONE","L","L","CHF","AccountingMMYY","MONTH2627157217","12-13","Y","Y","Y","N","N","N","N","N","N","N","N","N","N","I","SEGMENT1","A","SEGMENT1","1","L","2013","CHSTANDARDACCRUAL","C","US","","Y","","","2021/09/29 12:00:15.0","CASEY.BROWN","2015/07/17 12:18:50.001","FIN_IMPL","CD20F9EC2B66B5D6E0530264FD0ACB09","","","","","","","","","","","","","","","","","","","","","","","","","","N","Y","N","N","N","N","","N","N","N","","1","5000","","","","Corporate Company","","Switzerland Primary Ledger","GL#","Corp_US_CoA","GL","309
30
35000
000
000
000","","","309
30
78550
000
000
000","309
30
29900
000
000
000","","","309
30
33100
000
000
000","","","","","Primary","","","","","","","","false","309
30
29900
000
000
000","AccountingMMYY","N","N","N","N","","N","","Corporate","Corporate","","","","","N","",""
"Belgium Primary Ledger","Belgium Primary Ledger","Vision Belgium Primary Ledger (EUR)","300000107570320","PRIMARY","NONE","L","L","EUR","AccountingMMYY","MONTH2627157217","12-12","Y","N","Y","N","N","N","N","N","N","N","N","N","N","I","SEGMENT1","A","SEGMENT1","1","L","2012","EUSTANDARDACCRUAL","C","US","","Y","","","2021/09/29 12:00:15.0","CASEY.BROWN","2015/07/14 13:16:08.0","FIN_IMPL","CD20F9EC2B66B5D6E0530264FD0ACB09","","","","","","","","","","","","","","","","","","","","","","","","","","N","Y","N","N","N","N","","N","N","N","","1","5000","","","","Corporate Company","","Belgium Primary Ledger","GL#","Corp_EU_CoA","GL","305
30
134000
000
000
000","","","305
30
644000
000
000
000","305
30
494000
000
000
000","","","305
30
140000
000
000
000","","","","","Primary","","","","","","","","false","305
30
494000
000
000
000","AccountingMMYY","N","N","N","N","","N","","Corporate","Corporate","","","","","N","",""
"Belgium Primary Ledger","Belgium Secondary Ledger","Vision Belgium Secondary Ledger (EUR)","300000131989633","SECONDARY","NONE","L","L","EUR","AccountingMMYY","MONTH2627157217","12-12","Y","N","Y","N","N","N","N","N","N","N","N","N","N","I","SEGMENT1","A","SEGMENT1","1","L","2012","BESLSTANDARDACCRUAL","C","US","","Y","","","2021/09/29 12:00:15.0","CASEY.BROWN","2016/09/19 13:52:52.001","FIN_IMPL","CD20F9EC2B66B5D6E0530264FD0ACB09","","","","","","","","","","","","","","","","","","","","","","","","","","N","Y","N","N","N","N","","N","N","N","","1","5000","","","","Corporate Company","","Belgium Secondary Ledger","GL#","Corp_US_CoA","GL","305
30
35000
000
000
000","","","305
30
78550
000
000
000","305
30
29900
000
000
000","","","305
30
33100
000
000
000","","","","","","Secondary","","SUBLEDGER","","","","","false","305
30
29900
000
000
000","AccountingMMYY","N","N","","N","","N","","Corporate","Corporate","","","","","N","",""
"US Primary Ledger","US RC SLA EUR","US Reporting Currency Subledger EUR","300000166621973","ALC","TARGET","L","L","EUR","AccountingMMYY","MONTH2627157217","01-11","Y","Y","Y","N","N","N","N","N","N","N","N","N","N","I","SEGMENT1","A","SEGMENT1","1","L","2011","USSTANDARDACCRUAL","C","US","","Y","","","2021/09/29 12:00:15.0","CASEY.BROWN","2018/03/19 14:38:56.106","FIN_IMPL","CD20F9EC2B66B5D6E0530264FD0ACB09","","","","","","","","","","","","","","","","","","","","","","","","","","Y","Y","N","N","N","N","N","N","N","N","","1","5000","","","","Corporate Company","","US RC SLA EUR","GL#","Corp_US_CoA","GL","101
10
35000
000
000
000","","","101
10
78550
000
000
000","101
10
29900
000
000
000","","","101
10
33100
000
000
000","","","","","","","Alc","","","","","","false","","AccountingMMYY","N","N","","N","","N","","Corporate","Corporate","","","","","N","",""
"Canada Primary Ledger","Canada Primary Ledger","Vision Canada Primary Ledger (CAD)","300000085666101","PRIMARY","NONE","L","L","CAD","AccountingMMYY","MONTH2627157217","01-12","Y","N","Y","N","N","N","N","N","N","N","N","N","N","I","SEGMENT1","A","SEGMENT1","1","L","2012","CANADASTANDAEDACCRUAL","C","US","","Y","","","2021/09/29 12:00:15.0","CASEY.BROWN","2014/08/26 13:04:37.001","FIN_IMPL","CD20F9EC2B66B5D6E0530264FD0ACB09","","","","","","","","","","","","","","","","","","","","","","","","","","N","Y","N","N","N","N","","N","N","N","","1","5000","","","","Corporate Company","","Canada Primary Ledger","GL#","Corp_CA_CoA","GL","151
10
35000
000
000
000","","","151
10
78550
000
000
000","151
10
29900
000
000
000","","","151
10
33100
000
000
000","","","","","Primary","","","","","","","","false","151
10
29900
000
000
000","AccountingMMYY","N","N","N","N","","N","","Corporate","Corporate","","","","","N","",""
"Japan Primary Ledger","Japan Secondary Ledger","Vision Japan Secondary Ledger (USD)","300000100831269","SECONDARY","NONE","L","L","USD","AccountingMMYY","MONTH2627157217","04-12","Y","N","Y","N","N","N","N","N","N","N","N","N","N","I","SEGMENT1","A","SEGMENT1","1","L","2012","USSTANDARDACCRUAL","C","US","","Y","","","2021/09/29 12:00:15.0","CASEY.BROWN","2015/03/23 14:03:34.001","FIN_IMPL","CD20F9EC2B66B5D6E0530264FD0ACB09","","","","","","","","","","","","","","","","","","","","","","","","","","N","Y","N","N","N","N","","N","N","N","","1","5000","","","","Corporate Company","","Japan Secondary Ledger","GL#","Corp_US_CoA","GL","403
40
35000
000
000
000","","","403
40
78550
000
000
000","403
40
29900
000
000
000","","","403
40
33100
000
000
000","","","","","","Secondary","","SUBLEDGER","","","","","false","403
40
29900
000
000
000","AccountingMMYY","N","N","","N","","N","","Corporate","Corporate","","","","","N","",""
"Italy Primary Ledger","Italy Primary Ledger","Vision Italy Primary Ledger (EUR)","300000110509153","PRIMARY","NONE","L","L","EUR","AcctCalMMYY","MONTH8946725348","12-13","Y","N","Y","N","Y","N","N","N","N","N","N","N","N","I","SEGMENT1","A","SEGMENT1","1","L","2021","ITALYENCUMBRANCEACCRUAL","C","US","","Y","","","2021/09/29 12:00:15.0","CASEY.BROWN","2015/08/07 11:55:57.001","FIN_IMPL","CD20F9EC2B66B5D6E0530264FD0ACB09","","","","","","","","","","","","","","","","","","","","","","","","","","N","Y","N","N","N","N","","N","N","N","","1","5000","","","","Corporate Company","","Italy Primary Ledger","GL#","Corp_IT_CoA","GL","310
30
000
300704
00000000
000
00000
000","310
30
000
300110
00000000
000
00000
000","","310
30
000
505301
00000000
000
00000
000","310
30
000
222340
00000000
000
00000
000","","","310
30
000
300701
00000000
000
00000
000","","","","","Primary","","","","","","","","false","310
30
000
222340
00000000
000
00000
000","AcctCalMMYY","N","N","N","LE","","Y","","Corporate","Corporate","","","","","N","",""
"China Primary Ledger","China Secondary Ledger","Vision China Secondary Ledger (USD)","300000075526540","SECONDARY","NONE","L","L","USD","AccountingMMYY","MONTH2627157217","01-10","Y","Y","Y","N","N","N","N","N","N","N","N","N","N","I","SEGMENT1","A","SEGMENT1","1","L","2010","","","","","N","","","2021/09/29 12:00:15.0","CASEY.BROWN","2014/05/16 15:11:55.001","FIN_IMPL","CD20F9EC2B66B5D6E0530264FD0ACB09","","","","","","","","","","","","","","","","","","","","","","","","","","N","Y","N","N","N","N","","N","N","N","","1","5000","","","","Corporate Company","","China Secondary Ledger","GL#","Corp_US_CoA","GL","402
40
35000
000
000
000","","","402
40
78550
000
000
000","402
40
29900
000
000
000","","","402
40
33100
000
000
000","","","","","","Secondary","","JOURNAL","","","","","false","402
40
29900
000
000
000","AccountingMMYY","N","N","N","N","","","","Corporate","Corporate","","","","","N","",""
"Japan Primary Ledger","Japan Primary Ledger","Vision Japan Primary Ledger (JPY)","300000100509325","PRIMARY","NONE","L","L","JPY","FiscalMMYY","MONTH6013585461","04-12","Y","N","Y","N","N","N","N","N","N","N","N","N","N","I","SEGMENT1","A","SEGMENT1","1","L","2013","JAPANSTANDARDACCRUAL","C","US","","Y","","","2021/09/29 12:00:15.0","CASEY.BROWN","2015/03/10 19:19:31.0","FIN_IMPL","CD20F9EC2B66B5D6E0530264FD0ACB09","","","","","","","","","","","","","","","","","","","","","","","","","","N","Y","N","N","N","N","","N","N","N","","1","5000","","","","Corporate Company","","Japan Primary Ledger","GL#","Corp_JP_CoA","GL","403
40
0000
599000
0000
000
00000
000","","","403
40
0000
X00050
0000
000
00000
000","403
40
0000
X00020
0000
000
00000
000","","","403
40
0000
733200
0000
000
00000
000","","","","","Primary","","","","","","","","false","403
40
0000
999999
0000
000
00000
000","FiscalMMYY","N","N","N","N","","N","","Corporate","Corporate","","","","","N","",""
"UK Primary Ledger","UK Secondary Ledger","Vision UK Secondary Ledger (USD)","300000047546403","SECONDARY","NONE","L","L","USD","AccountingMMYY","MONTH2627157217","01-10","Y","Y","Y","N","N","N","N","N","N","N","N","N","N","I","SEGMENT1","A","SEGMENT1","1","L","2010","UKSLSTANDARDACCRUAL","C","US","","Y","","","2021/09/29 12:00:15.0","CASEY.BROWN","2013/11/14 17:37:49.001","FIN_IMPL","CD20F9EC2B66B5D6E0530264FD0ACB09","","","","","","","","","","","","","","","","","","","","","","","","","","N","Y","N","N","N","N","","N","N","N","","1","5000","","","","Corporate Company","","UK Secondary Ledger","GL#","Corp_US_CoA","GL","303
30
35000
000
000
000","","","303
30
78550
000
000
000","303
30
29900
000
000
000","","","303
30
33100
000
000
000","","","","","","Secondary","","SUBLEDGER","","","","","false","303
30
29900
000
000
000","AccountingMMYY","N","N","","N","","","","Corporate","Corporate","","","","","N","",""
"China Primary Ledger","China Primary Ledger","Vision China Primary Ledger (CNY)","300000074983539","PRIMARY","NONE","L","L","CNY","AccountingMMYY","MONTH2627157217","01-10","Y","Y","Y","N","N","N","N","N","N","N","N","N","N","I","SEGMENT1","A","SEGMENT1","1","L","2010","CHINASTANDARDACCRUALCHINA","C","US","","Y","","","2021/09/29 12:00:15.0","CASEY.BROWN","2014/04/24 10:46:08.0","FIN_IMPL","CD20F9EC2B66B5D6E0530264FD0ACB09","","","","","","","","","","","","","","","","","","","","","","","","","","N","Y","N","N","N","N","","N","N","N","","1","5000","","","","Corporate Company","","China Primary Ledger","GL#","Corp_CN_CoA","GL","402
40
31510000
0000
000
000","","","402
40
56011040
7100
000
000","402
40
19111001
0000
000
000","","","402
40
31410000
0000
000
000","","","","","Primary","","","","","","","","false","402
40
19111001
0000
000
000","AccountingMMYY","N","N","","LE","","","","Corporate","Corporate","","","","","N","",""
"Fin Svcs IFRS INS PL","Fin Svcs IFRS INS PL","Fin Svcs IFRS Primary INS Ledger (USD)","300000136437854","PRIMARY","NONE","L","L","USD","AccountingMMMYY","MONTH3292782290","Jan-13","Y","Y","Y","N","N","N","N","N","N","N","N","N","N","A","SEGMENT1","A","SEGMENT1","1","L","2013","OFS_USGAAP_INS_PL_STD_ACCR","C","US","","Y","","","2021/09/29 12:00:15.0","CASEY.BROWN","2016/12/06 13:34:02.001","FIN_IMPL","CD20F9EC2B66B5D6E0530264FD0ACB09","","","","","","","","","","","","","","","","","","","","","","","","","","N","Y","N","N","N","N","","N","N","N","","1","5000","","","","Fin Svcs Legal Entity","","Fin Svcs IFRS INS PL","GL#","Fin_Svcs_CoA","GL","20
20
35000
0000
000
000
000","","","20
20
58550
0000
000
000
000","20
20
19900
0000
000
000
000","","","20
20
33100
0000
000
000
000","","","","","Primary","","","","","","","","false","20
20
19900
0000
000
000
000","AccountingMMMYY","N","N","N","N","","N","","Corporate","Corporate","","","","","N","",""
"UK Primary Ledger","UK Primary Ledger","Vision UK Primary Ledger (GBP)","300000047488112","PRIMARY","NONE","L","L","GBP","AccountingMMYY","MONTH2627157217","01-10","Y","Y","Y","N","N","N","Y","N","N","N","N","N","N","I","SEGMENT1","A","SEGMENT1","1","L","2010","UKSSTANDARDACCRUAL","C","US","","Y","","","2021/09/29 12:00:15.0","CASEY.BROWN","2013/11/11 14:43:46.001","FIN_IMPL","CD20F9EC2B66B5D6E0530264FD0ACB09","","","","","","","","","","","","","","","","","","","","","","","","","","N","Y","N","N","N","N","","N","N","N","","1","5000","","","","Corporate Company","","UK Primary Ledger","GL#","Corp_UK_CoA","GL","303
30
3500
000
000
000","","","303
30
7231
000
000
000","303
30
2990
000
000
000","","","303
30
3250
000
000
000","","","","","Primary","","","","","","","","true","303
30
2990
000
000
000","AccountingMMYY","N","N","","N","","","","Corporate","Corporate","","","","","N","",""
"Fin Svcs UK Primary ADB Ledger","Fin Svcs UKIFRS SL","Fin Svcs UKIFRS Secondary Ledger(USD)","300000132430629","SECONDARY","NONE","L","L","USD","AccountingMMMYY","MONTH3292782290","Jan-13","Y","N","Y","N","N","N","N","N","N","N","N","N","N","I","SEGMENT1","A","SEGMENT1","1","L","2013","OFS_SEC_LED_STD_ACCR","C","US","","Y","","","2021/09/29 12:00:15.0","CASEY.BROWN","2016/09/30 14:59:21.0","FIN_IMPL","CD20F9EC2B66B5D6E0530264FD0ACB09","","","","","","","","","","","","","","","","","","","","","","","","","","N","Y","N","N","N","N","","N","N","N","","1","5000","","","","Fin Svcs Legal Entity","","Fin Svcs UKIFRS SL","GL#","Fin_Svcs_CoA","GL","12
12
35000
0000
000
000
000","","","12
12
58550
0000
000
000
000","12
12
19900
0000
000
000
000","","","12
12
33100
0000
000
000
000","","","","","","Secondary","","SUBLEDGER","","","","","false","12
12
19900
0000
000
000
000","AccountingMMMYY","N","N","","N","","N","","Corporate","Corporate","","","","","N","",""
"Germany Primary Ledger","Germany Primary Ledger","Vision Germany Primary Ledger (EUR)","300000130210397","PRIMARY","NONE","L","L","EUR","AccountingMMYY","MONTH2627157217","12-13","Y","Y","Y","N","Y","N","Y","N","N","N","N","N","N","I","SEGMENT1","A","SEGMENT1","1","L","2013","GERMANYSTANDARDACCRUAL","C","US","","Y","","","2022/06/13 16:52:56.0","FIN_IMPL","2016/06/13 08:34:17.001","FIN_IMPL","E07B5034A673FC71E0530264FD0A8AC3","","","","","","","","","","","","","","","","","","","","","","","","","","Y","Y","N","N","N","N","","N","Y","N","","1","5000","","","","Corporate Company","","Germany Primary Ledger","GL#","Corp_DE_CoA","GL","301
30
939300
000
000
000","","","301
30
830000
000
000
000","301
30
370000
000
000
000","","","301
30
939000
000
000
000","","","Germany Primary Ledger","","Primary","","","","","","","","false","301
30
789900
000
000
000","AccountingMMYY","Y","Y","N","LE","","N","","Corporate","Corporate","","","","","N","",""
"Fin Svcs US Primary ADB Ledger","Fin Svcs USGAAP SL","Fin Svcs USGAAP Secondary Ledger (GBP)","300000132430623","SECONDARY","NONE","L","L","GBP","AccountingMMMYY","MONTH3292782290","Jan-13","Y","N","Y","N","N","N","N","N","N","N","N","N","N","I","SEGMENT1","A","SEGMENT1","1","L","2013","OFS_SEC_LED_STD_ACCR","C","US","","Y","","","2021/09/29 12:00:15.0","CASEY.BROWN","2016/09/30 13:57:31.001","FIN_IMPL","CD20F9EC2B66B5D6E0530264FD0ACB09","","","","","","","","","","","","","","","","","","","","","","","","","","N","Y","N","N","N","N","","N","N","N","","1","5000","","","","Fin Svcs Legal Entity","","Fin Svcs USGAAP SL","GL#","Fin_Svcs_CoA","GL","11
11
35000
0000
000
000
000","","","11
11
58550
0000
000
000
000","11
11
19900
0000
000
000
000","","","11
11
33100
0000
000
000
000","","","","","","Secondary","","SUBLEDGER","","","","","false","11
11
19900
0000
000
000
000","AccountingMMMYY","N","N","","N","","N","","Corporate","Corporate","","","","","N","",""
"Fin Svcs UK Primary ADB Ledger","Fin Svcs UK Primary ADB Ledger","Fin Svcs UKIFRS Primary ADB Ledger(GBP)","300000117449147","PRIMARY","NONE","L","L","GBP","AccountingMMMYY","MONTH3292782290","Jan-13","Y","N","Y","Y","N","N","N","N","N","N","N","N","N","I","SEGMENT1","A","SEGMENT1","1","L","2013","OFS_UK_PRIM_LED_STD_ACCR","C","US","","Y","","","2021/09/29 12:00:15.0","CASEY.BROWN","2016/01/20 18:06:01.001","FIN_IMPL","CD20F9EC2B66B5D6E0530264FD0ACB09","","","","","","","","","","","","","","","","","","","","","","","","","","N","Y","N","N","N","N","","N","N","N","","1","5000","","","Five Day Week","Fin Svcs Legal Entity","","Fin Svcs UK Primary ADB Ledger","GL#","Fin_Svcs_CoA","GL","12
12
35000
0000
000
000
000","","12
12
36000
0000
000
000
000","12
12
58550
0000
000
000
000","12
12
19900
0000
000
000
000","","","12
12
33100
0000
000
000
000","","","","Five Day Week","Primary","","","","","","","","false","12
12
19900
0000
000
000
000","AccountingMMMYY","N","N","N","N","","N","","Corporate","Corporate","","","","","N","",""
"Corporate Primary Ledger","Corporate Primary Ledger","Vision Corporate Consolidation Primary Ledger (USD)","300000116270105","PRIMARY","NONE","L","L","USD","AccountingMMYY","MONTH2627157217","01-10","Y","N","Y","N","N","N","N","N","N","N","N","N","N","A","SEGMENT1","A","SEGMENT1","1","L","2010","","","","","N","","","2021/09/29 12:00:15.0","CASEY.BROWN","2015/11/24 11:55:12.001","FIN_IMPL","CD20F9EC2B66B5D6E0530264FD0ACB09","","","","","","","","","","","","","","","","","","","","","","","","","","N","Y","N","N","N","N","","N","N","N","","1","5000","","","","Corporate Company","","Corporate Primary Ledger","GL#","Corp_US_CoA","GL","101
10
35000
000
000
000","","","101
10
78550
000
000
000","101
10
29900
000
000
000","","","101
10
33100
000
000
000","","","","","Primary","","","","","","","","false","101
10
29900
000
000
000","AccountingMMYY","N","N","N","N","","N","","Corporate","Corporate","","","","","N","",""
"Fin Svcs US Primary ADB Ledger","Fin Svcs US Primary ADB Ledger","Fin Svcs USGAAP Primary ADB Ledger (USD)","300000117449137","PRIMARY","NONE","L","L","USD","AccountingMMMYY","MONTH3292782290","Jan-13","Y","N","Y","Y","N","N","N","N","N","N","N","N","N","I","SEGMENT1","A","SEGMENT1","1","L","2013","OFS_US_PRIM_LED_STD_ACCR","C","US","","Y","","","2021/09/29 12:00:15.0","CASEY.BROWN","2016/01/20 16:01:04.001","FIN_IMPL","CD20F9EC2B66B5D6E0530264FD0ACB09","","","","","","","","","","","","","","","","","","","","","","","","","","N","Y","N","N","N","N","","N","N","N","","1","5000","","","Five Day Week","Fin Svcs Legal Entity","","Fin Svcs US Primary ADB Ledger","GL#","Fin_Svcs_CoA","GL","11
11
35000
0000
000
000
000","","11
11
36000
0000
000
000
000","11
11
58550
0000
000
000
000","11
11
19900
0000
000
000
000","","","11
11
33100
0000
000
000
000","","","","Five Day Week","Primary","","","","","","","","false","11
11
19900
0000
000
000
000","AccountingMMMYY","N","N","N","N","","N","","Corporate","Corporate","","","","","N","",""
"Italy Primary Ledger","Italy Secondary Ledger","Italy Secondary Ledger (EUR)","300000132744378","SECONDARY","NONE","L","L","EUR","AcctCalMMYY","MONTH8946725348","12-13","Y","N","Y","N","N","N","N","N","N","N","N","N","N","I","SEGMENT1","A","SEGMENT1","1","L","2013","STANDARD_ACCRUAL","S","US","","N","","","2021/09/29 12:00:15.0","CASEY.BROWN","2016/10/13 09:15:48.001","FIN_IMPL","CD20F9EC2B66B5D6E0530264FD0ACB09","","","","","","","","","","","","","","","","","","","","","","","","","","N","Y","N","N","N","N","","N","N","N","","1","5000","","","","Corporate Company","","Italy Secondary Ledger","GL#","Stat_IT_CoA","GL","310
300704
000","","","310
505301
000","310
222340
000","","","310
300701
000","","","","","","Secondary","","SUBLEDGER","","","","","false","310
222340
000","AcctCalMMYY","N","N","","LE","","Y","","Corporate","Corporate","","","","","N","",""
"Italy Primary Ledger","Italy Statutory SL","Vision Italy Statutory SL (EUR)","300000115625109","SECONDARY","NONE","L","L","EUR","AcctCalMMYY","MONTH8946725348","12-13","Y","N","Y","N","N","N","N","N","N","N","N","N","N","I","SEGMENT1","A","SEGMENT1","1","L","2013","","","","","N","","","2021/09/29 12:00:15.0","CASEY.BROWN","2015/10/16 14:07:26.001","FIN_IMPL","CD20F9EC2B66B5D6E0530264FD0ACB09","","","","","","","","","","","","","","","","","","","","","","","","","","N","Y","N","N","N","N","","N","N","N","","1","5000","","","","Corporate Company","","Italy Statutory SL","GL#","Stat_IT_CoA","GL","310
300704
000","","","310
505301
000","310
222340
000","","","310
300701
000","","","","","","Secondary","","JOURNAL","","","","","false","310
222340
000","AcctCalMMYY","N","N","N","LE","","N","","Corporate","Corporate","","","","","N","",""
