"GL_LEDGER.Name","ObjectTypeCode","SetupStepCode","LedgerName","LegalEntityIdentifier","ObjectName","NextActionCode","StatusCode","CreatedBy","LastUpdateLogin","LastUpdateDate","LastUpdatedBy","CreationDate","TimeZoneDefaultLeFlag","TaxDefaultLeFlag"
"Kuwait Ledger","LEGAL_ENTITY","NONE","","LE_KW_1","Kuwait Legal Entity","NONE","CONFIRMED","HCM_IMPL","DEF1E5986DAB5832E0530364FD0A9534","2022/05/20 04:25:12.726","HCM_IMPL","2022/05/20 04:25:02.001","Y",""
"Spain Primary Ledger","LEGAL_ENTITY","NONE","","LE_ES_1","Spain Legal Entity","NONE","CONFIRMED","FIN_IMPL","2A6570877B575AC4E053790B548CE3C7","2016/01/28 13:21:32.545","FIN_IMPL","2016/01/28 13:20:42.001","Y",""
"Fin Svcs USGAAP INS PL","LEGAL_ENTITY","NONE","","LE_INS_US","US INS Legal Entity","NONE","CONFIRMED","FIN_IMPL","42FCAD6D1BB2230AE0537AA3FD0AB5C5","2016/12/06 14:28:00.483","FIN_IMPL","2016/12/06 14:26:48.0","Y",""
"Healthcare US Primary Ledger","LEGAL_ENTITY","NONE","","LE_HC_US","Healthcare US Legal Entity","NONE","CONFIRMED","FIN_IMPL","1354604C6D7F2EB0E0536204548CB264","2015/04/13 12:27:13.526","FIN_IMPL","2015/04/13 12:26:27.001","Y",""
"Egoss USA Primary Ledger","LEGAL_ENTITY","NONE","","E98234","Egoss Legal Entity","NONE","CONFIRMED","orange","EE04196B15E40E86E0532063F00A7264","2022/11/22 07:43:33.095","orange","2022/11/22 07:43:26.457","Y",""
"tatauspl","LEGAL_ENTITY","NONE","","tatausmotors","tatausmotors","NONE","CONFIRMED","TATANEW","EE5AEEF272529F4BE053C762F00A77F8","2022/11/26 09:13:20.341","TATANEW","2022/11/26 09:13:09.001","Y",""
"AU Council Primary Ledger","LEGAL_ENTITY","NONE","","LE_AU_01","AU  Council Legal Entity","NONE","CONFIRMED","FIN_IMPL","BA5CCB5A83A437C4E0539E90DF0AD83E","2021/02/02 16:40:26.948","FIN_IMPL","2021/02/02 16:40:20.824","Y",""
"HPCORP Ledger","LEGAL_ENTITY","NONE","","HPCORP Legal Entity","HPCORP Legal Entity","NONE","CONFIRMED","subbu.yadav","ED84514962A60E47E0532063F00A5998","2022/11/21 07:58:58.975","subbu.yadav","2022/11/21 07:58:55.001","Y",""
"RISHIKESHUS US","LEGAL_ENTITY","NONE","","RISHITCS","RISHITCS","NONE","CONFIRMED","CHRK","EE44A84DC7AABAD2E0532063F00AF71E","2022/11/25 04:08:17.143","CHRK","2022/11/25 04:08:16.298","N",""
"Hero Cycles (US) Ledger","LEGAL_ENTITY","NONE","","Hero Cycles Ltd","Hero Cycles Legal Entity","NONE","CONFIRMED","Hero.Cycles","EE59A929BFB75A13E0532063F00AF391","2022/11/28 14:37:24.229","Hero.Cycles","2022/11/28 14:37:11.001","Y",""
"NextGen BR","LEGAL_ENTITY","NONE","","NG4759236","NextGen Energy Brasileiro S.A.","NONE","CONFIRMED","FIN_IMPL","E9386CBB435B4DBFE0530264FD0AFDEA","2022/09/21 22:32:56.994","FIN_IMPL","2022/09/21 22:32:56.632","N",""
"RISHIKESHUS US","LEGAL_ENTITY","NONE","","RISHIMOTORS","RISHIMOTORS","NONE","CONFIRMED","CHRK","EE44A84DC7AABAD2E0532063F00AF71E","2022/11/25 04:08:17.041","CHRK","2022/11/25 04:08:15.923","Y",""
"TATAUSCOA US","LEGAL_ENTITY","NONE","","TATA Tcs","TATA Tcs","NONE","CONFIRMED","TATANEW","EE7BF9678A9F4A2BE0532063F00A461B","2022/11/27 22:07:34.611","TATANEW","2022/11/27 22:07:33.806","N",""
"Federal US Primary Ledger","LEGAL_ENTITY","NONE","","LE_FED_US1","Federal US Legal Entity","NONE","CONFIRMED","FIN_IMPL","B84F48D8A56DF148E0539E90DF0A2828","2021/01/07 18:45:59.225","FIN_IMPL","2021/01/07 18:45:36.001","Y",""
"Infy PL","LEGAL_ENTITY","NONE","","USA Entity","Infy Entity","NONE","CONFIRMED","FAS09.STUDENT","ED8433A734D80DFDE0532063F00AF755","2022/11/22 16:09:57.614","FAS09.STUDENT","2022/11/22 16:09:50.001","Y",""
"TATAUSCOA US","LEGAL_ENTITY","NONE","","TATA Motors","TATA Motors","NONE","CONFIRMED","TATANEW","EE7BF9678A9F4A2BE0532063F00A461B","2022/11/27 22:07:34.539","TATANEW","2022/11/27 22:07:33.713","Y",""
"Progress UK GB","LEGAL_ENTITY","NONE","","LE_PROG_UK","Progress UK Legal Entity","NONE","CONFIRMED","FIN_IMPL","B89A195782F6F944E0539E90DF0A5AEE","2021/01/11 11:53:49.916","FIN_IMPL","2021/01/11 11:53:44.377","Y",""
"Subbu Ledger US","LEGAL_ENTITY","NONE","","US104111","Subbu Electronics PVT LTD","NONE","CONFIRMED","SCM02.STUDENT","EDF5DAE41DC98057E0532063F00A6ECB","2022/11/21 10:01:11.6","SCM02.STUDENT","2022/11/21 10:01:03.452","Y",""
"tatauspl","LEGAL_ENTITY","NONE","","tataustcs","tataustcs","NONE","CONFIRMED","TATANEW","EE5AEEF272529F4BE053C762F00A77F8","2022/11/26 09:13:20.38","TATANEW","2022/11/26 09:13:09.042","N",""
"Apple Inc US Ledger","LEGAL_ENTITY","NONE","","Apple Inc","Apple Inc Legal Entity","NONE","CONFIRMED","Ajinkya.Lad","EE5B55BB2FB49F8FE053C762F00A6AE9","2022/11/28 07:44:35.753","Ajinkya.Lad","2022/11/28 07:44:29.001","Y",""
"UAE Primary Ledger","LEGAL_ENTITY","NONE","","LE_UAE_1","UAE Legal Entity","NONE","CONFIRMED","FIN_IMPL","576166AF4D72655EE0538DADFD0AAB09","2017/08/23 09:53:52.9","FIN_IMPL","2017/08/23 09:53:06.002","Y",""
"Poland Primary Ledger","LEGAL_ENTITY","NONE","","LE_PL_1","Poland Legal Entity","NONE","CONFIRMED","FIN_IMPL","73F28E17083E52CFE0537990DF0AEE82","2018/08/21 14:48:51.438","FIN_IMPL","2018/08/21 14:46:30.0","Y",""
"New Zealand Primary Ledger","LEGAL_ENTITY","NONE","","LE_NZ_1","New Zealand Legal Entity","NONE","CONFIRMED","FIN_IMPL","338039D120B1317DE053CFFBE70AF78C","2016/05/23 13:59:33.95","FIN_IMPL","2016/05/23 13:58:10.0","Y",""
"Turkey Primary Ledger","LEGAL_ENTITY","NONE","","LE_TR_1","Turkey Legal Entity","NONE","CONFIRMED","FIN_IMPL","4DACEAF390E41C28E053C4AEFD0A8E5C","2017/04/21 15:03:43.081","FIN_IMPL","2017/04/21 14:54:28.002","Y",""
"Switzerland Primary Ledger","LEGAL_ENTITY","NONE","","LE_E360CH","Supremo CH Legal Entity","NONE","CONFIRMED","FIN_IMPL","9103DAE005C49811E053C390DF0AFF90","2019/08/26 14:08:38.454","FIN_IMPL","2019/08/26 14:07:07.0","N",""
"Australia Primary Ledger","LEGAL_ENTITY","NONE","","LE_AU_1","Australia Legal Entity","NONE","CONFIRMED","FIN_IMPL","338039D120B1317DE053CFFBE70AF78C","2016/05/23 13:30:21.781","FIN_IMPL","2016/05/23 13:29:07.001","Y",""
"Belgium Primary Ledger","LEGAL_ENTITY","NONE","","LE_BE_1","Belgium Legal Entity","NONE","CONFIRMED","FIN_IMPL","1AD6DF0560FF2C08E0536204548CA339","2015/07/14 13:33:00.049","FIN_IMPL","2015/07/14 13:32:42.0","Y",""
"Switzerland Primary Ledger","LEGAL_ENTITY","NONE","","LE_CH_1","Switzerland Legal Entity","NONE","CONFIRMED","FIN_IMPL","1B11E396D7CF61F2E0536204548C93A1","2015/07/17 12:44:04.448","FIN_IMPL","2015/07/17 12:43:36.001","Y",""
"NextGen CA","LEGAL_ENTITY","NONE","","NG2349381","NextGen Energy Canada Ltd","NONE","CONFIRMED","FIN_IMPL","E9386CBB435B4DBFE0530264FD0AFDEA","2022/09/21 22:32:56.925","FIN_IMPL","2022/09/21 22:32:56.441","N",""
"NextGen GB","LEGAL_ENTITY","NONE","","NG3953891","NextGen Energy U.K. Limited","NONE","CONFIRMED","FIN_IMPL","E9386CBB435B4DBFE0530264FD0AFDEA","2022/09/21 22:32:56.961","FIN_IMPL","2022/09/21 22:32:56.541","N",""
"Mexico Primary Ledger","LEGAL_ENTITY","NONE","","LE_MX_1","Mexico Legal Entity","NONE","CONFIRMED","FIN_IMPL","A23AEAB8C488E5B3E053B090DF0AC76E","2020/04/02 10:05:09.436","FIN_IMPL","2020/04/02 10:04:54.001","Y",""
"NextGen US","LEGAL_ENTITY","NONE","","NG1294291","NextGen Energy Corporation Inc","NONE","CONFIRMED","FIN_IMPL","E9386CBB435B4DBFE0530264FD0AFDEA","2022/09/21 22:32:56.759","FIN_IMPL","2022/09/21 22:32:50.453","Y",""
"University US Primary Ledger","LEGAL_ENTITY","NONE","","LE_UNIV_US","University US Legal Entity","NONE","CONFIRMED","FIN_IMPL","074F479F714B115BE0536204548C6BEF","2014/11/10 11:50:17.114","FIN_IMPL","2014/11/10 11:48:24.001","Y",""
"India Primary Ledger","LEGAL_ENTITY","NONE","","LE_IN","India Legal Entity 01","NONE","CONFIRMED","FIN_IMPL","8B1B68715EC37AC3E053C390DF0ACFC4","2019/06/12 12:03:15.066","FIN_IMPL","2019/06/12 12:02:28.001","Y",""
"France Primary Ledger","LEGAL_ENTITY","NONE","","LE_FR_1","France Legal Entity","NONE","CONFIRMED","FIN_IMPL","EAE4431D8F9E1AE0E0436204548CD9F8","2013/11/11 17:57:33.647","FIN_IMPL","2013/11/11 17:57:25.0","Y",""
"Progress US Primary Ledger","LEGAL_ENTITY","NONE","","LE_PROG_US","Progress US Legal Entity","NONE","CONFIRMED","FIN_IMPL","FB78DCD52482617FE0436204548C9A8E","2014/06/10 11:44:22.058","FIN_IMPL","2014/06/10 11:42:03.001","Y",""
"Germany Primary Ledger","LEGAL_ENTITY","NONE","","LE_DE_1","Germany Legal Entity","NONE","CONFIRMED","FIN_IMPL","3525B88EBD8C47B6E053CFFBE70A7DA5","2016/06/13 08:43:07.056","FIN_IMPL","2016/06/13 08:43:00.001","Y",""
"Netherlands Primary Ledger","LEGAL_ENTITY","NONE","","LE_NL_1","Netherlands Legal Entity","NONE","CONFIRMED","FIN_IMPL","3ACC9ED516327F79E0537AA3FD0A8EEE","2016/08/24 10:21:16.464","FIN_IMPL","2016/08/24 09:58:19.001","Y",""
"Fin Svcs US Primary ADB Ledger","LEGAL_ENTITY","NONE","","LE_FIN_SVCS_US","Fin Svcs US Legal Entity","NONE","CONFIRMED","FIN_IMPL","29C654153FBB7AD9E053790B548CB350","2016/01/20 17:19:35.848","FIN_IMPL","2016/01/20 17:17:38.001","Y",""
"Fin Svcs UK Primary ADB Ledger","LEGAL_ENTITY","NONE","","LE_FIN_SVCS_UK","Fin Svcs UK Legal Entity","NONE","CONFIRMED","FIN_IMPL","29C654153FBB7AD9E053790B548CB350","2016/01/20 18:28:55.102","FIN_IMPL","2016/01/20 18:27:54.001","Y",""
"Japan Primary Ledger","LEGAL_ENTITY","NONE","","LE_JP_1","Japan Legal Entity","NONE","CONFIRMED","FIN_IMPL","10F3FDF6E46F4ABBE0536204548CBA9E","2015/03/10 19:44:26.552","FIN_IMPL","2015/03/10 19:42:54.001","Y",""
"Italy Primary Ledger","LEGAL_ENTITY","NONE","","LE_IT_1","Italy Legal Entity","NONE","CONFIRMED","FIN_IMPL","1CB8230F65373A87E0536204548CB6AE","2015/08/07 12:14:55.065","FIN_IMPL","2015/08/07 12:13:10.001","Y",""
"UK Primary Ledger","LEGAL_ENTITY","NONE","","LE_UK_1","UK Legal Entity","NONE","CONFIRMED","FIN_IMPL","EAE7B64F4D7B1BD8E0436204548CEEE4","2013/11/11 15:04:14.205","FIN_IMPL","2013/11/11 15:01:49.001","Y",""
"China Primary Ledger","LEGAL_ENTITY","NONE","","LE_CN_1","China Legal Entity","NONE","CONFIRMED","FIN_IMPL","F7C8CBC62CA137F3E0436204548CD635","2014/04/24 11:17:12.061","FIN_IMPL","2014/04/24 11:15:45.0","Y",""
"US Primary Ledger","LEGAL_ENTITY","NONE","","LE_E360US","E360US Legal Entity","NONE","CONFIRMED","FIN_IMPL","80BFEAC893E957B1E053C390DF0A1224","2019/01/31 14:20:53.143","FIN_IMPL","2019/01/31 14:20:29.0","N",""
"Canada Primary Ledger","LEGAL_ENTITY","NONE","","LE_CA_1","Canada Legal Entity","NONE","CONFIRMED","FIN_IMPL","0187B5D413F34FF4E0536204548CEF1C","2014/08/26 13:23:36.373","FIN_IMPL","2014/08/26 13:22:35.001","Y",""
"US Primary Ledger","LEGAL_ENTITY","NONE","","LE_US_1","US1 Legal Entity","NONE","CONFIRMED","FIN_IMPL","E97E5F635B172828E0436204548CD214","2013/10/24 15:25:05.508","FIN_IMPL","2013/10/24 15:24:50.001","Y",""
"US Primary Ledger","LEGAL_ENTITY","NONE","","LE_US_2","US2 Legal Entity","NONE","CONFIRMED","FIN_IMPL","E97E5F635B172828E0436204548CD214","2013/10/24 15:25:05.512","FIN_IMPL","2013/10/24 15:24:59.875","N",""
"Healthcare Payor US PL","LEGAL_ENTITY","NONE","","LE_HC_PAY_US1","Healthcare Payor US1 Legal Entity","NONE","CONFIRMED","FIN_IMPL","754328E45EF6027AE0537990DF0A5805","2018/09/07 11:22:42.854","FIN_IMPL","2018/09/07 11:17:09.001","Y",""
"Healthcare Payor US PL","LEGAL_ENTITY","NONE","","LE_HC_PAY_US2","Healthcare Payor US2 Legal Entity","NONE","CONFIRMED","FIN_IMPL","754328E45EF6027AE0537990DF0A5805","2018/09/07 11:22:42.879","FIN_IMPL","2018/09/07 11:18:09.928","N",""
"Sweden Primary Ledger","LEGAL_ENTITY","NONE","","LE_SE_1","Sweden Legal Entity","NONE","CONFIRMED","FIN_IMPL","464B14EE601325C1E0537AA3FD0A5928","2017/01/17 14:53:07.223","FIN_IMPL","2017/01/17 14:52:57.002","Y",""
"SAU Primary Ledger","LEGAL_ENTITY","NONE","","LE_SA_1","Saudi Arabia Legal Entity","NONE","CONFIRMED","FIN_IMPL","5D8ACEE36BF25F52E0538DADFD0A7304","2017/11/09 14:31:17.491","FIN_IMPL","2017/11/09 14:31:01.002","Y",""
