"GL_LEDGER.Name","GL_SECONDARY_LEDGER.Name","Name","TargetLedgerCategoryCode","RelationshipTypeCode","Name1","TargetCurrencyCode","Name3","ApplicationShortName","OrgIdTrans","TargetLedgerName","RelationshipEnabledFlag","InheritCreationUserFlag","LastUpdateDate","LastUpdatedBy","CreationDate","CreatedBy","LastUpdateLogin","AutomaticPostFlag","AlcNoRateActionCode","AlcMaxDaysRollRate","AlcInheritConversionType","AlcInitConvOptionCode","AlcInitPeriod","AlcInitDate","AlcInitializingRateDate","DisableConversionDate","StatusCode","RevExpXlationRuleCode","OwnerEquityXlationRuleCode","TargetLedgerShortName","Name2","Name4","Attribute1","Attribute10","Attribute11","Attribute12","Attribute13","Attribute14","Attribute15","Attribute2","Attribute3","Attribute4","Attribute5","Attribute6","Attribute7","Attribute8","Attribute9","AttributeCategory","AlcDefaultConvRateTypeTrans","AlcInitializingRateTypeTrans","AlcPeriodAverageRateTypeTrans","AlcPeriodEndRateTypeTrans"
"UK Primary Ledger","UK Primary Ledger","UK Primary Ledger","ALC","BALANCE","UK Primary Ledger","USD","UK Primary Ledger","GL","-99","UK PL - USD RC","Y","Y","2015/12/07 16:49:51.306","FIN_IMPL","2015/12/07 16:48:53.965","FIN_IMPL","261219A8053D7EC2E053790B548CF831","Y","REPORT_ERROR","","N","","","","","","CONFIRMED","PTD","PTD","300000116498010","UK Primary Ledger","","","","","","","","","","","","","","","","","","","","PeriodAverage","PeriodEnd"
"UK Primary Ledger","UK Primary Ledger","UK Primary Ledger","SECONDARY","SUBLEDGER","UK Secondary Ledger","USD","UK Primary Ledger","GL","-99","UK Secondary Ledger","Y","Y","2013/11/14 17:46:45.0","FIN_IMPL","2013/11/14 17:40:13.279","FIN_IMPL","EB275CA1E380524DE0436204548C9FB4","N","REPORT_ERROR","","Y","","","","","","CONFIRMED","","","300000047546403","UK Primary Ledger","UK CoAs to US CoAs Mapping","","","","","","","","","","","","","","","","","Corporate","","",""
"China Primary Ledger","China Primary Ledger","China Primary Ledger","SECONDARY","JOURNAL","China Secondary Ledger","USD","China Primary Ledger","GL","-99","China Secondary Ledger","Y","Y","2014/05/16 15:27:17.0","FIN_IMPL","2014/05/16 15:16:44.83","FIN_IMPL","F9856CF6774C54B4E0436204548C60F0","N","REPORT_ERROR","","Y","","","","","","CONFIRMED","","","300000075526540","China Primary Ledger","CN CoAs to US CoAs Mapping","","","","","","","","","","","","","","","","","Corporate","","",""
"Japan Primary Ledger","Japan Primary Ledger","Japan Primary Ledger","SECONDARY","SUBLEDGER","Japan Secondary Ledger","USD","Japan Primary Ledger","GL","-99","Japan Secondary Ledger","Y","Y","2015/03/23 14:28:56.0","FIN_IMPL","2015/03/23 14:07:42.081","FIN_IMPL","11D1DB16360B5D0AE0536204548CDEFE","N","REPORT_ERROR","","Y","","","","","","CONFIRMED","","","300000100831269","Japan Primary Ledger","JP CoAs to US CoAs Mapping","","","","","","","","","","","","","","","","","Corporate","","",""
"Italy Primary Ledger","Italy Primary Ledger","Italy Primary Ledger","SECONDARY","JOURNAL","Italy Statutory SL","EUR","Italy Primary Ledger","GL","-99","Italy Statutory SL","N","Y","2016/10/19 13:51:18.623","FIN_IMPL","2015/10/16 14:08:56.37","FIN_IMPL","3F2E99C604C807CBE0537AA3FD0AEE86","N","REPORT_ERROR","","Y","","","","","2016/10/19","CONFIRMED","","","300000115625109","Italy Primary Ledger","IT CoAs to IT Stat CoAs Mapping","","","","","","","","","","","","","","","","","","","",""
"Italy Primary Ledger","Italy Primary Ledger","Italy Primary Ledger","SECONDARY","SUBLEDGER","Italy Secondary Ledger","EUR","Italy Primary Ledger","GL","-99","Italy Secondary Ledger","Y","Y","2016/10/13 09:50:13.0","FIN_IMPL","2016/10/13 09:29:53.857","FIN_IMPL","3EB9AF6F77B83B8EE0537AA3FD0A10EF","N","REPORT_ERROR","","Y","","","","","","CONFIRMED","","","300000132744378","Italy Primary Ledger","IT CoAs to IT Stat CoAs Mapping","","","","","","","","","","","","","","","","","","","",""
"Fin Svcs US Primary ADB Ledger","Fin Svcs US Primary ADB Ledger","Fin Svcs US Primary ADB Ledger","SECONDARY","SUBLEDGER","Fin Svcs USGAAP SL","GBP","Fin Svcs US Primary ADB Ledger","GL","-1","Fin Svcs USGAAP SL","Y","Y","2016/09/30 14:39:01.0","FIN_IMPL","2016/09/30 13:59:20.047","FIN_IMPL","3DBAF9B70CCB41D6E0537AA3FD0A1954","N","REPORT_ERROR","","Y","","","","","","CONFIRMED","","","300000132430623","Fin Svcs US Primary ADB Ledger","","","","","","","","","","","","","","","","","","Corporate","","",""
"Fin Svcs UK Primary ADB Ledger","Fin Svcs UK Primary ADB Ledger","Fin Svcs UK Primary ADB Ledger","SECONDARY","SUBLEDGER","Fin Svcs UKIFRS SL","USD","Fin Svcs UK Primary ADB Ledger","GL","-1","Fin Svcs UKIFRS SL","Y","Y","2016/09/30 15:20:12.0","FIN_IMPL","2016/09/30 15:03:44.72","FIN_IMPL","3DBB156633DD6C8FE0537AA3FD0A379C","N","REPORT_ERROR","","Y","","","","","","CONFIRMED","","","300000132430629","Fin Svcs UK Primary ADB Ledger","","","","","","","","","","","","","","","","","","Corporate","","",""
"Germany Primary Ledger","Germany Primary Ledger","Germany Primary Ledger","SECONDARY","SUBLEDGER","Germany Secondary Ledger","USD","Germany Primary Ledger","GL","-99","Germany Secondary Ledger","Y","Y","2020/06/03 17:16:02.054","FIN_IMPL","2020/06/03 16:41:46.241","FIN_IMPL","A72DE069946D62A9E0539E90DF0A27CF","N","REPORT_ERROR","","Y","","","","","","CONFIRMED","","","300000202882023","Germany Primary Ledger","DE CoAs to US CoAs Mapping","","","","","","","","","","","","","","","","","Corporate","","",""
"US Primary Ledger","US Primary Ledger","US Primary Ledger","ALC","JOURNAL","REPORTING PAB","PAB","US Primary Ledger","GL","-99","REPORTING PAB","N","Y","2017/11/09 22:10:50.742","FIN_IMPL","2017/11/09 22:05:46.001","FIN_IMPL","5D94A692AD8238F4E0538DADFD0A40D0","Y","REPORT_ERROR","","N","","","","","2017/11/09","CONFIRMED","PTD","PTD","300000157763969","US Primary Ledger","","","","","","","","","","","","","","","","","","Corporate","","Corporate","Corporate"
"US Primary Ledger","US Primary Ledger","US Primary Ledger","ALC","SUBLEDGER","US RC SLA EUR","EUR","US Primary Ledger","GL","-99","US RC SLA EUR","Y","Y","2019/01/09 14:43:50.758","FIN_IMPL","2018/03/19 14:35:14.001","FIN_IMPL","7F0836D5B4A044B4E053C390DF0A6A84","Y","REPORT_ERROR","","Y","I","05-18","2018/05/01","2016/01/09","","CONFIRMED","PTD","PTD","300000166621948","US RC SLA EUR","","","","","","","","","","","","","","","","","","Corporate","Corporate","Corporate","Corporate"
"US Primary Ledger","US Primary Ledger","US Primary Ledger","SECONDARY","SUBLEDGER","US IFRS Secondary Ledger","USD","US Primary Ledger","GL","-1","US IFRS Secondary Ledger","Y","Y","2013/10/25 12:44:42.006","FIN_IMPL","2013/10/25 12:17:28.601","FIN_IMPL","E990A12C9D8A0AFDE0436204548CB93C","N","REPORT_ERROR","","Y","","","","","","CONFIRMED","","","300000046988965","US Primary Ledger","","","","","","","","","","","","","","","","","","","","",""
"Belgium Primary Ledger","Belgium Primary Ledger","Belgium Primary Ledger","SECONDARY","SUBLEDGER","Belgium Secondary Ledger","EUR","Belgium Primary Ledger","GL","-99","Belgium Secondary Ledger","Y","Y","2016/09/19 14:18:23.0","FIN_IMPL","2016/09/19 13:55:07.459","FIN_IMPL","3CDD8204C2D073ADE0537AA3FD0AF3D0","N","REPORT_ERROR","","Y","","","","","","CONFIRMED","","","300000131989633","Belgium Primary Ledger","EU CoAs to US CoAs Mapping ","","","","","","","","","","","","","","","","","","","",""
"Switzerland Primary Ledger","Switzerland Primary Ledger","Switzerland Primary Ledger","ALC","BALANCE","Switzerland Primary Ledger","USD","Switzerland Primary Ledger","GL","-99","Switzerland PL - USD RC","Y","Y","2015/12/03 19:24:42.435","FIN_IMPL","2015/12/03 19:21:38.001","FIN_IMPL","25FEA78568C6432EE053790B548CBE94","Y","REPORT_ERROR","","N","","","","","","CONFIRMED","PTD","PTD","300000116410792","Switzerland Primary Ledger","","","","","","","","","","","","","","","","","","","","PeriodAverage","PeriodEnd"
"France Primary Ledger","France Primary Ledger","France Primary Ledger","ALC","BALANCE","France Primary Ledger","USD","France Primary Ledger","GL","-99","France PL - USD RC","Y","Y","2015/12/07 17:21:37.237","FIN_IMPL","2015/12/07 17:20:20.493","FIN_IMPL","265313C1A9E461A5E053790B548C7C11","Y","REPORT_ERROR","","N","","","","","","CONFIRMED","PTD","PTD","300000116498013","France Primary Ledger","","","","","","","","","","","","","","","","","","","","PeriodAverage","PeriodEnd"
"France Primary Ledger","France Primary Ledger","France Primary Ledger","SECONDARY","SUBLEDGER","France Secondary Ledger","USD","France Primary Ledger","GL","-99","France Secondary Ledger","Y","Y","2013/11/15 16:27:15.0","FIN_IMPL","2013/11/15 16:21:05.59","FIN_IMPL","EB3A057468A17DFCE0436204548C0B63","N","REPORT_ERROR","","Y","","","","","","CONFIRMED","","","300000047566111","France Primary Ledger","FR CoAs to US CoAs Mapping","","","","","","","","","","","","","","","","","Corporate","","",""
"Progress US Primary Ledger","Progress US Primary Ledger","Progress US Primary Ledger","SECONDARY","SUBLEDGER","GASB34 Secondary Ledger","USD","Progress US Primary Ledger","GL","-1","GASB34 Secondary Ledger","Y","Y","2022/01/11 11:38:17.368","FIN_IMPL","2014/06/13 13:19:13.789","FIN_IMPL","D18CD44D3C390111E0530264FD0A0007","Y","REPORT_ERROR","","Y","","","","","","CONFIRMED","","","300000075935688","Progress US Primary Ledger","","","","","","","","","","","","","","","","","","","","",""
"India Primary Ledger","India Primary Ledger","India Primary Ledger","SECONDARY","SUBLEDGER","India Secondary Ledger","USD","India Primary Ledger","GL","-99","India Secondary Ledger","Y","Y","2019/06/12 14:51:53.0","FIN_IMPL","2019/06/12 14:25:33.769","FIN_IMPL","8B1B68715EC37AC3E053C390DF0ACFC4","Y","REPORT_ERROR","","Y","","","","","","CONFIRMED","","","300000184410412","India Primary Ledger","IN CoAs to US CoAs Mapping","","","","","","","","","","","","","","","","","Corporate","","",""
"14Ledger US","14Ledger US","14Ledger US","ALC","JOURNAL","14Ledger UK reporting","EUR","14Ledger US","GL","-99","14Ledger UK reporting","Y","Y","2022/10/15 17:03:38.211","FAS04.STUDENT","2022/10/15 16:59:39.001","FAS04.STUDENT","EB14D2214401A550E0532162F00ADA71","Y","FIND_RATE","30","Y","D","Jan-22","2022/01/02","","","CONFIRMED","PTD","PTD","300000253394125","14Ledger US","","","","","","","","","","","","","","","","","","Corporate","","Corporate","Corporate"
