"GL_LEDGER.Name","GL_SECONDARY_LEDGER.Name","ORA_GL_LEDGER_RELATIONSHIP.Name","ORA_GL_LEDGER_RELATIONSHIP.TargetLedgerCategoryCode","ORA_GL_LEDGER_RELATIONSHIP.RelationshipTypeCode","ORA_GL_LEDGER_RELATIONSHIP.Name1","ORA_GL_LEDGER_RELATIONSHIP.TargetCurrencyCode","ORA_GL_LEDGER_RELATIONSHIP.Name3","ORA_GL_LEDGER_RELATIONSHIP.ApplicationShortName","ORA_GL_LEDGER_RELATIONSHIP.OrgIdTrans","JeSourceKey","JeCategoryKey","JeSourceName","JeCategoryName","UserUpdatableFlag","IncludeFlag","CreationDate","CreatedBy","LastUpdateLogin","LastUpdateDate","LastUpdatedBy","Attribute1","Attribute2","Attribute3","Attribute4","Attribute5","Attribute6","Attribute7","Attribute8","Attribute9","Attribute10","Attribute11","Attribute12","Attribute13","Attribute14","Attribute15","AttributeCategory","AlcInheritConversionType","AlcDefaultConvRateTypeTrans"
"Belgium Primary Ledger","Belgium Primary Ledger","Belgium Primary Ledger","SECONDARY","SUBLEDGER","Belgium Secondary Ledger","EUR","Belgium Primary Ledger","GL","-99","Payroll","Other","Payroll","Other","Y","N","2016/09/19 13:55:07.516","FIN_IMPL","3CDD8204C2D073ADE0537AA3FD0AF3D0","2016/09/19 13:55:15.386","FIN_IMPL","","","","","","","","","","","","","","","","","",""
"Belgium Primary Ledger","Belgium Primary Ledger","Belgium Primary Ledger","SECONDARY","SUBLEDGER","Belgium Secondary Ledger","EUR","Belgium Primary Ledger","GL","-99","Project Accounting","Other","Project Accounting","Other","Y","N","2016/09/19 13:55:07.517","FIN_IMPL","3CDD8204C2D073ADE0537AA3FD0AF3D0","2016/09/19 13:55:15.386","FIN_IMPL","","","","","","","","","","","","","","","","","",""
"Belgium Primary Ledger","Belgium Primary Ledger","Belgium Primary Ledger","SECONDARY","SUBLEDGER","Belgium Secondary Ledger","EUR","Belgium Primary Ledger","GL","-99","Other","Other","Other","Other","Y","Y","2016/09/19 13:55:07.497","FIN_IMPL","3CDD8204C2D073ADE0537AA3FD0AF3D0","2016/09/19 13:55:15.373","FIN_IMPL","","","","","","","","","","","","","","","","","",""
"Belgium Primary Ledger","Belgium Primary Ledger","Belgium Primary Ledger","SECONDARY","SUBLEDGER","Belgium Secondary Ledger","EUR","Belgium Primary Ledger","GL","-99","Payables","Other","Payables","Other","Y","N","2016/09/19 13:55:07.516","FIN_IMPL","3CDD8204C2D073ADE0537AA3FD0AF3D0","2016/09/19 13:55:15.385","FIN_IMPL","","","","","","","","","","","","","","","","","",""
"Belgium Primary Ledger","Belgium Primary Ledger","Belgium Primary Ledger","SECONDARY","SUBLEDGER","Belgium Secondary Ledger","EUR","Belgium Primary Ledger","GL","-99","Closing Journal","Other","Closing Journal","Other","Y","N","2016/09/19 13:55:07.511","FIN_IMPL","3CDD8204C2D073ADE0537AA3FD0AF3D0","2016/09/19 13:55:15.378","FIN_IMPL","","","","","","","","","","","","","","","","","",""
"Belgium Primary Ledger","Belgium Primary Ledger","Belgium Primary Ledger","SECONDARY","SUBLEDGER","Belgium Secondary Ledger","EUR","Belgium Primary Ledger","GL","-99","Cost Accounting","Other","Cost Accounting","Other","Y","N","2016/09/19 13:55:07.515","FIN_IMPL","3CDD8204C2D073ADE0537AA3FD0AF3D0","2016/09/19 13:55:15.384","FIN_IMPL","","","","","","","","","","","","","","","","","",""
"Belgium Primary Ledger","Belgium Primary Ledger","Belgium Primary Ledger","SECONDARY","SUBLEDGER","Belgium Secondary Ledger","EUR","Belgium Primary Ledger","GL","-99","Assets","Other","Assets","Other","Y","N","2016/09/19 13:55:07.513","FIN_IMPL","3CDD8204C2D073ADE0537AA3FD0AF3D0","2016/09/19 13:55:15.382","FIN_IMPL","","","","","","","","","","","","","","","","","",""
"Belgium Primary Ledger","Belgium Primary Ledger","Belgium Primary Ledger","SECONDARY","SUBLEDGER","Belgium Secondary Ledger","EUR","Belgium Primary Ledger","GL","-99","Cash Management","Other","Cash Management","Other","Y","N","2016/09/19 13:55:07.514","FIN_IMPL","3CDD8204C2D073ADE0537AA3FD0AF3D0","2016/09/19 13:55:15.383","FIN_IMPL","","","","","","","","","","","","","","","","","",""
"France Primary Ledger","France Primary Ledger","France Primary Ledger","SECONDARY","SUBLEDGER","France Secondary Ledger","USD","France Primary Ledger","GL","-99","Cost Accounting","Other","Cost Accounting","Other","Y","N","2013/11/15 16:21:05.636","FIN_IMPL","EB3A057468A17DFCE0436204548C0B63","2013/11/15 16:21:09.014","FIN_IMPL","","","","","","","","","","","","","","","","","",""
"France Primary Ledger","France Primary Ledger","France Primary Ledger","SECONDARY","SUBLEDGER","France Secondary Ledger","USD","France Primary Ledger","GL","-99","Other","Other","Other","Other","Y","Y","2013/11/15 16:21:05.615","FIN_IMPL","EB3A057468A17DFCE0436204548C0B63","2013/11/15 16:21:09.009","FIN_IMPL","","","","","","","","","","","","","","","","","",""
"France Primary Ledger","France Primary Ledger","France Primary Ledger","SECONDARY","SUBLEDGER","France Secondary Ledger","USD","France Primary Ledger","GL","-99","Assets","Other","Assets","Other","Y","N","2013/11/15 16:21:05.633","FIN_IMPL","EB3A057468A17DFCE0436204548C0B63","2013/11/15 16:21:09.012","FIN_IMPL","","","","","","","","","","","","","","","","","",""
"France Primary Ledger","France Primary Ledger","France Primary Ledger","SECONDARY","SUBLEDGER","France Secondary Ledger","USD","France Primary Ledger","GL","-99","Cash Management","Other","Cash Management","Other","Y","N","2013/11/15 16:21:05.634","FIN_IMPL","EB3A057468A17DFCE0436204548C0B63","2013/11/15 16:21:09.013","FIN_IMPL","","","","","","","","","","","","","","","","","",""
"Switzerland Primary Ledger","Switzerland Primary Ledger","Switzerland Primary Ledger","ALC","BALANCE","Switzerland Primary Ledger","USD","Switzerland Primary Ledger","GL","-99","Other","Other","Other","Other","Y","Y","2015/12/03 19:24:42.518","FIN_IMPL","25FEA78568C6432EE053790B548CBE94","2015/12/03 19:24:43.105","FIN_IMPL","","","","","","","","","","","","","","","","","",""
"France Primary Ledger","France Primary Ledger","France Primary Ledger","ALC","BALANCE","France Primary Ledger","USD","France Primary Ledger","GL","-99","Other","Other","Other","Other","Y","Y","2015/12/07 17:21:37.242","FIN_IMPL","265313C1A9E461A5E053790B548C7C11","2015/12/07 17:21:37.281","FIN_IMPL","","","","","","","","","","","","","","","","","",""
"Belgium Primary Ledger","Belgium Primary Ledger","Belgium Primary Ledger","SECONDARY","SUBLEDGER","Belgium Secondary Ledger","EUR","Belgium Primary Ledger","GL","-99","Receipt Accounting","Other","Receipt Accounting","Other","Y","N","2016/09/19 13:55:07.521","FIN_IMPL","3CDD8204C2D073ADE0537AA3FD0AF3D0","2016/09/19 13:55:15.389","FIN_IMPL","","","","","","","","","","","","","","","","","",""
"Belgium Primary Ledger","Belgium Primary Ledger","Belgium Primary Ledger","SECONDARY","SUBLEDGER","Belgium Secondary Ledger","EUR","Belgium Primary Ledger","GL","-99","Receivables","Other","Receivables","Other","Y","N","2016/09/19 13:55:07.52","FIN_IMPL","3CDD8204C2D073ADE0537AA3FD0AF3D0","2016/09/19 13:55:15.387","FIN_IMPL","","","","","","","","","","","","","","","","","",""
"US Primary Ledger","US Primary Ledger","US Primary Ledger","ALC","SUBLEDGER","US RC SLA EUR","EUR","US Primary Ledger","GL","-99","Other","Other","Other","Other","Y","Y","2018/03/19 14:35:49.223","FIN_IMPL","67C2EE27CE030CD0E053E9A7FD0AAD22","2018/03/19 14:39:00.224","FIN_IMPL","","","","","","","","","","","","","","","","","",""
"US Primary Ledger","US Primary Ledger","US Primary Ledger","SECONDARY","SUBLEDGER","US IFRS Secondary Ledger","USD","US Primary Ledger","GL","-1","Assets","Other","Assets","Other","Y","N","2013/10/25 12:17:28.645","FIN_IMPL","E990A12C9D8A0AFDE0436204548CB93C","2013/10/25 12:17:31.904","FIN_IMPL","","","","","","","","","","","","","","","","","",""
"Germany Primary Ledger","Germany Primary Ledger","Germany Primary Ledger","SECONDARY","SUBLEDGER","Germany Secondary Ledger","USD","Germany Primary Ledger","GL","-99","Other","Other","Other","Other","Y","Y","2020/06/03 16:41:46.35","FIN_IMPL","A71B89C0D76D58DAE0539E90DF0A15BC","2020/06/03 16:41:53.199","FIN_IMPL","","","","","","","","","","","","","","","","","",""
"US Primary Ledger","US Primary Ledger","US Primary Ledger","ALC","JOURNAL","REPORTING PAB","PAB","US Primary Ledger","GL","-99","Other","Other","Other","Other","Y","Y","2017/11/09 22:07:44.262","FIN_IMPL","5D94A692AD8238F4E0538DADFD0A40D0","2017/11/09 22:08:45.807","FIN_IMPL","","","","","","","","","","","","","","","","","",""
"Fin Svcs UK Primary ADB Ledger","Fin Svcs UK Primary ADB Ledger","Fin Svcs UK Primary ADB Ledger","SECONDARY","SUBLEDGER","Fin Svcs UKIFRS SL","USD","Fin Svcs UK Primary ADB Ledger","GL","-1","Receipt Accounting","Other","Receipt Accounting","Other","Y","N","2016/09/30 15:03:44.762","FIN_IMPL","3DBBBA46ACC66460E0537AA3FD0A6CE8","2016/09/30 15:03:45.155","FIN_IMPL","","","","","","","","","","","","","","","","","",""
"Fin Svcs UK Primary ADB Ledger","Fin Svcs UK Primary ADB Ledger","Fin Svcs UK Primary ADB Ledger","SECONDARY","SUBLEDGER","Fin Svcs UKIFRS SL","USD","Fin Svcs UK Primary ADB Ledger","GL","-1","Receivables","Other","Receivables","Other","Y","N","2016/09/30 15:03:44.761","FIN_IMPL","3DBBBA46ACC66460E0537AA3FD0A6CE8","2016/09/30 15:03:45.154","FIN_IMPL","","","","","","","","","","","","","","","","","",""
"Fin Svcs UK Primary ADB Ledger","Fin Svcs UK Primary ADB Ledger","Fin Svcs UK Primary ADB Ledger","SECONDARY","SUBLEDGER","Fin Svcs UKIFRS SL","USD","Fin Svcs UK Primary ADB Ledger","GL","-1","Payroll","Other","Payroll","Other","Y","N","2016/09/30 15:03:44.759","FIN_IMPL","3DBBBA46ACC66460E0537AA3FD0A6CE8","2016/09/30 15:03:45.152","FIN_IMPL","","","","","","","","","","","","","","","","","",""
"Fin Svcs UK Primary ADB Ledger","Fin Svcs UK Primary ADB Ledger","Fin Svcs UK Primary ADB Ledger","SECONDARY","SUBLEDGER","Fin Svcs UKIFRS SL","USD","Fin Svcs UK Primary ADB Ledger","GL","-1","Project Accounting","Other","Project Accounting","Other","Y","N","2016/09/30 15:03:44.76","FIN_IMPL","3DBBBA46ACC66460E0537AA3FD0A6CE8","2016/09/30 15:03:45.153","FIN_IMPL","","","","","","","","","","","","","","","","","",""
"US Primary Ledger","US Primary Ledger","US Primary Ledger","SECONDARY","SUBLEDGER","US IFRS Secondary Ledger","USD","US Primary Ledger","GL","-1","Receipt Accounting","Other","Receipt Accounting","Other","Y","N","2013/10/25 12:17:28.65","FIN_IMPL","E990A12C9D8A0AFDE0436204548CB93C","2013/10/25 12:17:31.908","FIN_IMPL","","","","","","","","","","","","","","","","","",""
"US Primary Ledger","US Primary Ledger","US Primary Ledger","SECONDARY","SUBLEDGER","US IFRS Secondary Ledger","USD","US Primary Ledger","GL","-1","Receivables","Other","Receivables","Other","Y","N","2013/10/25 12:17:28.649","FIN_IMPL","E990A12C9D8A0AFDE0436204548CB93C","2013/10/25 12:17:31.907","FIN_IMPL","","","","","","","","","","","","","","","","","",""
"US Primary Ledger","US Primary Ledger","US Primary Ledger","SECONDARY","SUBLEDGER","US IFRS Secondary Ledger","USD","US Primary Ledger","GL","-1","Payroll","Other","Payroll","Other","Y","N","2013/10/25 12:17:28.648","FIN_IMPL","E990A12C9D8A0AFDE0436204548CB93C","2013/10/25 12:17:31.906","FIN_IMPL","","","","","","","","","","","","","","","","","",""
"US Primary Ledger","US Primary Ledger","US Primary Ledger","SECONDARY","SUBLEDGER","US IFRS Secondary Ledger","USD","US Primary Ledger","GL","-1","Project Accounting","Other","Project Accounting","Other","Y","N","2013/10/25 12:17:28.648","FIN_IMPL","E990A12C9D8A0AFDE0436204548CB93C","2013/10/25 12:17:31.907","FIN_IMPL","","","","","","","","","","","","","","","","","",""
"US Primary Ledger","US Primary Ledger","US Primary Ledger","SECONDARY","SUBLEDGER","US IFRS Secondary Ledger","USD","US Primary Ledger","GL","-1","Other","Other","Other","Other","Y","Y","2013/10/25 12:17:28.625","FIN_IMPL","E990A12C9D8A0AFDE0436204548CB93C","2013/10/25 12:17:31.885","FIN_IMPL","","","","","","","","","","","","","","","","","",""
"US Primary Ledger","US Primary Ledger","US Primary Ledger","SECONDARY","SUBLEDGER","US IFRS Secondary Ledger","USD","US Primary Ledger","GL","-1","Payables","Other","Payables","Other","Y","N","2013/10/25 12:17:28.647","FIN_IMPL","E990A12C9D8A0AFDE0436204548CB93C","2013/10/25 12:17:31.906","FIN_IMPL","","","","","","","","","","","","","","","","","",""
"US Primary Ledger","US Primary Ledger","US Primary Ledger","SECONDARY","SUBLEDGER","US IFRS Secondary Ledger","USD","US Primary Ledger","GL","-1","Cash Management","Other","Cash Management","Other","Y","N","2013/10/25 12:17:28.645","FIN_IMPL","E990A12C9D8A0AFDE0436204548CB93C","2013/10/25 12:17:31.904","FIN_IMPL","","","","","","","","","","","","","","","","","",""
"US Primary Ledger","US Primary Ledger","US Primary Ledger","SECONDARY","SUBLEDGER","US IFRS Secondary Ledger","USD","US Primary Ledger","GL","-1","Cost Accounting","Other","Cost Accounting","Other","Y","N","2013/10/25 12:17:28.647","FIN_IMPL","E990A12C9D8A0AFDE0436204548CB93C","2013/10/25 12:17:31.905","FIN_IMPL","","","","","","","","","","","","","","","","","",""
"India Primary Ledger","India Primary Ledger","India Primary Ledger","SECONDARY","SUBLEDGER","India Secondary Ledger","USD","India Primary Ledger","GL","-99","Other","Other","Other","Other","Y","Y","2019/06/12 14:25:33.791","FIN_IMPL","8B1B68715EC37AC3E053C390DF0ACFC4","2019/06/12 14:25:34.875","FIN_IMPL","","","","","","","","","","","","","","","","","",""
"Progress US Primary Ledger","Progress US Primary Ledger","Progress US Primary Ledger","SECONDARY","SUBLEDGER","GASB34 Secondary Ledger","USD","Progress US Primary Ledger","GL","-1","Cash Management","Other","Cash Management","Other","Y","N","2014/06/13 13:19:13.833","FIN_IMPL","FBB82A4F638736F8E0436204548C9074","2014/06/13 13:19:16.427","FIN_IMPL","","","","","","","","","","","","","","","","","",""
"Progress US Primary Ledger","Progress US Primary Ledger","Progress US Primary Ledger","SECONDARY","SUBLEDGER","GASB34 Secondary Ledger","USD","Progress US Primary Ledger","GL","-1","Cost Accounting","Other","Cost Accounting","Other","Y","N","2014/06/13 13:19:13.835","FIN_IMPL","FBB82A4F638736F8E0436204548C9074","2014/06/13 13:19:16.428","FIN_IMPL","","","","","","","","","","","","","","","","","",""
"France Primary Ledger","France Primary Ledger","France Primary Ledger","SECONDARY","SUBLEDGER","France Secondary Ledger","USD","France Primary Ledger","GL","-99","Receivables","Other","Receivables","Other","Y","N","2013/11/15 16:21:05.638","FIN_IMPL","EB3A057468A17DFCE0436204548C0B63","2013/11/15 16:21:09.015","FIN_IMPL","","","","","","","","","","","","","","","","","",""
"Progress US Primary Ledger","Progress US Primary Ledger","Progress US Primary Ledger","SECONDARY","SUBLEDGER","GASB34 Secondary Ledger","USD","Progress US Primary Ledger","GL","-1","Assets","Other","Assets","Other","Y","N","2014/06/13 13:19:13.833","FIN_IMPL","FBB82A4F638736F8E0436204548C9074","2014/06/13 13:19:16.426","FIN_IMPL","","","","","","","","","","","","","","","","","",""
"France Primary Ledger","France Primary Ledger","France Primary Ledger","SECONDARY","SUBLEDGER","France Secondary Ledger","USD","France Primary Ledger","GL","-99","Project Accounting","Other","Project Accounting","Other","Y","N","2013/11/15 16:21:05.638","FIN_IMPL","EB3A057468A17DFCE0436204548C0B63","2013/11/15 16:21:09.015","FIN_IMPL","","","","","","","","","","","","","","","","","",""
"France Primary Ledger","France Primary Ledger","France Primary Ledger","SECONDARY","SUBLEDGER","France Secondary Ledger","USD","France Primary Ledger","GL","-99","Receipt Accounting","Other","Receipt Accounting","Other","Y","N","2013/11/15 16:21:05.64","FIN_IMPL","EB3A057468A17DFCE0436204548C0B63","2013/11/15 16:21:09.016","FIN_IMPL","","","","","","","","","","","","","","","","","",""
"France Primary Ledger","France Primary Ledger","France Primary Ledger","SECONDARY","SUBLEDGER","France Secondary Ledger","USD","France Primary Ledger","GL","-99","Payables","Other","Payables","Other","Y","N","2013/11/15 16:21:05.636","FIN_IMPL","EB3A057468A17DFCE0436204548C0B63","2013/11/15 16:21:09.014","FIN_IMPL","","","","","","","","","","","","","","","","","",""
"France Primary Ledger","France Primary Ledger","France Primary Ledger","SECONDARY","SUBLEDGER","France Secondary Ledger","USD","France Primary Ledger","GL","-99","Payroll","Other","Payroll","Other","Y","N","2013/11/15 16:21:05.637","FIN_IMPL","EB3A057468A17DFCE0436204548C0B63","2013/11/15 16:21:09.015","FIN_IMPL","","","","","","","","","","","","","","","","","",""
"Progress US Primary Ledger","Progress US Primary Ledger","Progress US Primary Ledger","SECONDARY","SUBLEDGER","GASB34 Secondary Ledger","USD","Progress US Primary Ledger","GL","-1","Manual","PLO","Manual","300000238802870","Y","N","2022/01/11 11:37:45.758","FIN_IMPL","D18CD44D3C390111E0530264FD0A0007","2022/01/11 11:38:17.299","FIN_IMPL","","","","","","","","","","","","","","","","","",""
"Progress US Primary Ledger","Progress US Primary Ledger","Progress US Primary Ledger","SECONDARY","SUBLEDGER","GASB34 Secondary Ledger","USD","Progress US Primary Ledger","GL","-1","Spreadsheet","PLO","Spreadsheet","300000238802870","Y","N","2022/01/11 11:36:57.0","FIN_IMPL","D18CD44D3C390111E0530264FD0A0007","2022/01/11 11:38:17.271","FIN_IMPL","","","","","","","","","","","","","","","","","",""
"Progress US Primary Ledger","Progress US Primary Ledger","Progress US Primary Ledger","SECONDARY","SUBLEDGER","GASB34 Secondary Ledger","USD","Progress US Primary Ledger","GL","-1","Receipt Accounting","Other","Receipt Accounting","Other","Y","N","2014/06/13 13:19:13.84","FIN_IMPL","FBB82A4F638736F8E0436204548C9074","2014/06/13 13:19:16.431","FIN_IMPL","","","","","","","","","","","","","","","","","",""
"Progress US Primary Ledger","Progress US Primary Ledger","Progress US Primary Ledger","SECONDARY","SUBLEDGER","GASB34 Secondary Ledger","USD","Progress US Primary Ledger","GL","-1","Receivables","Other","Receivables","Other","Y","N","2014/06/13 13:19:13.838","FIN_IMPL","FBB82A4F638736F8E0436204548C9074","2014/06/13 13:19:16.431","FIN_IMPL","","","","","","","","","","","","","","","","","",""
"Progress US Primary Ledger","Progress US Primary Ledger","Progress US Primary Ledger","SECONDARY","SUBLEDGER","GASB34 Secondary Ledger","USD","Progress US Primary Ledger","GL","-1","Payroll","Other","Payroll","Other","Y","N","2014/06/13 13:19:13.836","FIN_IMPL","FBB82A4F638736F8E0436204548C9074","2014/06/13 13:19:16.429","FIN_IMPL","","","","","","","","","","","","","","","","","",""
"Progress US Primary Ledger","Progress US Primary Ledger","Progress US Primary Ledger","SECONDARY","SUBLEDGER","GASB34 Secondary Ledger","USD","Progress US Primary Ledger","GL","-1","Project Accounting","Other","Project Accounting","Other","Y","N","2014/06/13 13:19:13.837","FIN_IMPL","FBB82A4F638736F8E0436204548C9074","2014/06/13 13:19:16.43","FIN_IMPL","","","","","","","","","","","","","","","","","",""
"Progress US Primary Ledger","Progress US Primary Ledger","Progress US Primary Ledger","SECONDARY","SUBLEDGER","GASB34 Secondary Ledger","USD","Progress US Primary Ledger","GL","-1","Other","Other","Other","Other","Y","Y","2014/06/13 13:19:13.819","FIN_IMPL","FBB82A4F638736F8E0436204548C9074","2014/06/13 13:19:16.422","FIN_IMPL","","","","","","","","","","","","","","","","","",""
"Progress US Primary Ledger","Progress US Primary Ledger","Progress US Primary Ledger","SECONDARY","SUBLEDGER","GASB34 Secondary Ledger","USD","Progress US Primary Ledger","GL","-1","Payables","Other","Payables","Other","Y","N","2014/06/13 13:19:13.836","FIN_IMPL","FBB82A4F638736F8E0436204548C9074","2014/06/13 13:19:16.428","FIN_IMPL","","","","","","","","","","","","","","","","","",""
"UK Primary Ledger","UK Primary Ledger","UK Primary Ledger","SECONDARY","SUBLEDGER","UK Secondary Ledger","USD","UK Primary Ledger","GL","-99","Project Accounting","Other","Project Accounting","Other","Y","N","2013/11/14 17:40:13.329","FIN_IMPL","EB275CA1E380524DE0436204548C9FB4","2013/11/14 17:40:16.511","FIN_IMPL","","","","","","","","","","","","","","","","","",""
"UK Primary Ledger","UK Primary Ledger","UK Primary Ledger","SECONDARY","SUBLEDGER","UK Secondary Ledger","USD","UK Primary Ledger","GL","-99","Receipt Accounting","Other","Receipt Accounting","Other","Y","N","2013/11/14 17:40:13.332","FIN_IMPL","EB275CA1E380524DE0436204548C9FB4","2013/11/14 17:40:16.512","FIN_IMPL","","","","","","","","","","","","","","","","","",""
"UK Primary Ledger","UK Primary Ledger","UK Primary Ledger","SECONDARY","SUBLEDGER","UK Secondary Ledger","USD","UK Primary Ledger","GL","-99","Payables","Other","Payables","Other","Y","N","2013/11/14 17:40:13.327","FIN_IMPL","EB275CA1E380524DE0436204548C9FB4","2013/11/14 17:40:16.51","FIN_IMPL","","","","","","","","","","","","","","","","","",""
"UK Primary Ledger","UK Primary Ledger","UK Primary Ledger","SECONDARY","SUBLEDGER","UK Secondary Ledger","USD","UK Primary Ledger","GL","-99","Payroll","Other","Payroll","Other","Y","N","2013/11/14 17:40:13.328","FIN_IMPL","EB275CA1E380524DE0436204548C9FB4","2013/11/14 17:40:16.51","FIN_IMPL","","","","","","","","","","","","","","","","","",""
"UK Primary Ledger","UK Primary Ledger","UK Primary Ledger","SECONDARY","SUBLEDGER","UK Secondary Ledger","USD","UK Primary Ledger","GL","-99","Cost Accounting","Other","Cost Accounting","Other","Y","N","2013/11/14 17:40:13.326","FIN_IMPL","EB275CA1E380524DE0436204548C9FB4","2013/11/14 17:40:16.509","FIN_IMPL","","","","","","","","","","","","","","","","","",""
"UK Primary Ledger","UK Primary Ledger","UK Primary Ledger","SECONDARY","SUBLEDGER","UK Secondary Ledger","USD","UK Primary Ledger","GL","-99","Other","Other","Other","Other","Y","Y","2013/11/14 17:40:13.305","FIN_IMPL","EB275CA1E380524DE0436204548C9FB4","2013/11/14 17:40:16.491","FIN_IMPL","","","","","","","","","","","","","","","","","",""
"UK Primary Ledger","UK Primary Ledger","UK Primary Ledger","SECONDARY","SUBLEDGER","UK Secondary Ledger","USD","UK Primary Ledger","GL","-99","Assets","Other","Assets","Other","Y","N","2013/11/14 17:40:13.322","FIN_IMPL","EB275CA1E380524DE0436204548C9FB4","2013/11/14 17:40:16.507","FIN_IMPL","","","","","","","","","","","","","","","","","",""
"UK Primary Ledger","UK Primary Ledger","UK Primary Ledger","SECONDARY","SUBLEDGER","UK Secondary Ledger","USD","UK Primary Ledger","GL","-99","Cash Management","Other","Cash Management","Other","Y","N","2013/11/14 17:40:13.323","FIN_IMPL","EB275CA1E380524DE0436204548C9FB4","2013/11/14 17:40:16.508","FIN_IMPL","","","","","","","","","","","","","","","","","",""
"Japan Primary Ledger","Japan Primary Ledger","Japan Primary Ledger","SECONDARY","SUBLEDGER","Japan Secondary Ledger","USD","Japan Primary Ledger","GL","-99","Other","Other","Other","Other","Y","Y","2015/03/23 14:07:42.13","FIN_IMPL","11D1DB16360B5D0AE0536204548CDEFE","2015/03/23 14:07:48.158","FIN_IMPL","","","","","","","","","","","","","","","","","",""
"Japan Primary Ledger","Japan Primary Ledger","Japan Primary Ledger","SECONDARY","SUBLEDGER","Japan Secondary Ledger","USD","Japan Primary Ledger","GL","-99","Payables","Other","Payables","Other","Y","N","2015/03/23 14:07:42.16","FIN_IMPL","11D1DB16360B5D0AE0536204548CDEFE","2015/03/23 14:07:48.165","FIN_IMPL","","","","","","","","","","","","","","","","","",""
"Japan Primary Ledger","Japan Primary Ledger","Japan Primary Ledger","SECONDARY","SUBLEDGER","Japan Secondary Ledger","USD","Japan Primary Ledger","GL","-99","Closing Journal","Other","Closing Journal","Other","Y","N","2015/03/23 14:07:42.155","FIN_IMPL","11D1DB16360B5D0AE0536204548CDEFE","2015/03/23 14:07:48.162","FIN_IMPL","","","","","","","","","","","","","","","","","",""
"Japan Primary Ledger","Japan Primary Ledger","Japan Primary Ledger","SECONDARY","SUBLEDGER","Japan Secondary Ledger","USD","Japan Primary Ledger","GL","-99","Cost Accounting","Other","Cost Accounting","Other","Y","N","2015/03/23 14:07:42.159","FIN_IMPL","11D1DB16360B5D0AE0536204548CDEFE","2015/03/23 14:07:48.164","FIN_IMPL","","","","","","","","","","","","","","","","","",""
"Japan Primary Ledger","Japan Primary Ledger","Japan Primary Ledger","SECONDARY","SUBLEDGER","Japan Secondary Ledger","USD","Japan Primary Ledger","GL","-99","Assets","Other","Assets","Other","Y","N","2015/03/23 14:07:42.158","FIN_IMPL","11D1DB16360B5D0AE0536204548CDEFE","2015/03/23 14:07:48.163","FIN_IMPL","","","","","","","","","","","","","","","","","",""
"Japan Primary Ledger","Japan Primary Ledger","Japan Primary Ledger","SECONDARY","SUBLEDGER","Japan Secondary Ledger","USD","Japan Primary Ledger","GL","-99","Cash Management","Other","Cash Management","Other","Y","N","2015/03/23 14:07:42.158","FIN_IMPL","11D1DB16360B5D0AE0536204548CDEFE","2015/03/23 14:07:48.164","FIN_IMPL","","","","","","","","","","","","","","","","","",""
"UK Primary Ledger","UK Primary Ledger","UK Primary Ledger","SECONDARY","SUBLEDGER","UK Secondary Ledger","USD","UK Primary Ledger","GL","-99","Receivables","Other","Receivables","Other","Y","N","2013/11/14 17:40:13.33","FIN_IMPL","EB275CA1E380524DE0436204548C9FB4","2013/11/14 17:40:16.512","FIN_IMPL","","","","","","","","","","","","","","","","","",""
"China Primary Ledger","China Primary Ledger","China Primary Ledger","SECONDARY","JOURNAL","China Secondary Ledger","USD","China Primary Ledger","GL","-99","Other","Other","Other","Other","Y","Y","2014/05/16 15:16:44.858","FIN_IMPL","F9856CF6774C54B4E0436204548C60F0","2014/05/16 15:16:48.044","FIN_IMPL","","","","","","","","","","","","","","","","","",""
"UK Primary Ledger","UK Primary Ledger","UK Primary Ledger","ALC","BALANCE","UK Primary Ledger","USD","UK Primary Ledger","GL","-99","Other","Other","Other","Other","Y","Y","2015/12/07 16:49:51.354","FIN_IMPL","261219A8053D7EC2E053790B548CF831","2015/12/07 16:49:52.034","FIN_IMPL","","","","","","","","","","","","","","","","","",""
"Fin Svcs US Primary ADB Ledger","Fin Svcs US Primary ADB Ledger","Fin Svcs US Primary ADB Ledger","SECONDARY","SUBLEDGER","Fin Svcs USGAAP SL","GBP","Fin Svcs US Primary ADB Ledger","GL","-1","Payroll","Other","Payroll","Other","Y","N","2016/09/30 13:59:20.114","FIN_IMPL","3DBAF9BA2A336466E0537AA3FD0ADFE2","2016/09/30 13:59:27.31","FIN_IMPL","","","","","","","","","","","","","","","","","",""
"Fin Svcs US Primary ADB Ledger","Fin Svcs US Primary ADB Ledger","Fin Svcs US Primary ADB Ledger","SECONDARY","SUBLEDGER","Fin Svcs USGAAP SL","GBP","Fin Svcs US Primary ADB Ledger","GL","-1","Project Accounting","Other","Project Accounting","Other","Y","N","2016/09/30 13:59:20.115","FIN_IMPL","3DBAF9BA2A336466E0537AA3FD0ADFE2","2016/09/30 13:59:27.311","FIN_IMPL","","","","","","","","","","","","","","","","","",""
"Fin Svcs US Primary ADB Ledger","Fin Svcs US Primary ADB Ledger","Fin Svcs US Primary ADB Ledger","SECONDARY","SUBLEDGER","Fin Svcs USGAAP SL","GBP","Fin Svcs US Primary ADB Ledger","GL","-1","Other","Other","Other","Other","Y","Y","2016/09/30 13:59:20.09","FIN_IMPL","3DBAF9BA2A336466E0537AA3FD0ADFE2","2016/09/30 13:59:27.299","FIN_IMPL","","","","","","","","","","","","","","","","","",""
"Fin Svcs US Primary ADB Ledger","Fin Svcs US Primary ADB Ledger","Fin Svcs US Primary ADB Ledger","SECONDARY","SUBLEDGER","Fin Svcs USGAAP SL","GBP","Fin Svcs US Primary ADB Ledger","GL","-1","Payables","Other","Payables","Other","Y","N","2016/09/30 13:59:20.113","FIN_IMPL","3DBAF9BA2A336466E0537AA3FD0ADFE2","2016/09/30 13:59:27.309","FIN_IMPL","","","","","","","","","","","","","","","","","",""
"Fin Svcs US Primary ADB Ledger","Fin Svcs US Primary ADB Ledger","Fin Svcs US Primary ADB Ledger","SECONDARY","SUBLEDGER","Fin Svcs USGAAP SL","GBP","Fin Svcs US Primary ADB Ledger","GL","-1","Closing Journal","Other","Closing Journal","Other","Y","N","2016/09/30 13:59:20.105","FIN_IMPL","3DBAF9BA2A336466E0537AA3FD0ADFE2","2016/09/30 13:59:27.304","FIN_IMPL","","","","","","","","","","","","","","","","","",""
"Fin Svcs US Primary ADB Ledger","Fin Svcs US Primary ADB Ledger","Fin Svcs US Primary ADB Ledger","SECONDARY","SUBLEDGER","Fin Svcs USGAAP SL","GBP","Fin Svcs US Primary ADB Ledger","GL","-1","Cost Accounting","Other","Cost Accounting","Other","Y","N","2016/09/30 13:59:20.112","FIN_IMPL","3DBAF9BA2A336466E0537AA3FD0ADFE2","2016/09/30 13:59:27.308","FIN_IMPL","","","","","","","","","","","","","","","","","",""
"Fin Svcs US Primary ADB Ledger","Fin Svcs US Primary ADB Ledger","Fin Svcs US Primary ADB Ledger","SECONDARY","SUBLEDGER","Fin Svcs USGAAP SL","GBP","Fin Svcs US Primary ADB Ledger","GL","-1","Assets","Other","Assets","Other","Y","N","2016/09/30 13:59:20.108","FIN_IMPL","3DBAF9BA2A336466E0537AA3FD0ADFE2","2016/09/30 13:59:27.306","FIN_IMPL","","","","","","","","","","","","","","","","","",""
"Fin Svcs US Primary ADB Ledger","Fin Svcs US Primary ADB Ledger","Fin Svcs US Primary ADB Ledger","SECONDARY","SUBLEDGER","Fin Svcs USGAAP SL","GBP","Fin Svcs US Primary ADB Ledger","GL","-1","Cash Management","Other","Cash Management","Other","Y","N","2016/09/30 13:59:20.11","FIN_IMPL","3DBAF9BA2A336466E0537AA3FD0ADFE2","2016/09/30 13:59:27.307","FIN_IMPL","","","","","","","","","","","","","","","","","",""
"Fin Svcs UK Primary ADB Ledger","Fin Svcs UK Primary ADB Ledger","Fin Svcs UK Primary ADB Ledger","SECONDARY","SUBLEDGER","Fin Svcs UKIFRS SL","USD","Fin Svcs UK Primary ADB Ledger","GL","-1","Other","Other","Other","Other","Y","Y","2016/09/30 15:03:44.74","FIN_IMPL","3DBBBA46ACC66460E0537AA3FD0A6CE8","2016/09/30 15:03:45.14","FIN_IMPL","","","","","","","","","","","","","","","","","",""
"Fin Svcs UK Primary ADB Ledger","Fin Svcs UK Primary ADB Ledger","Fin Svcs UK Primary ADB Ledger","SECONDARY","SUBLEDGER","Fin Svcs UKIFRS SL","USD","Fin Svcs UK Primary ADB Ledger","GL","-1","Payables","Other","Payables","Other","Y","N","2016/09/30 15:03:44.758","FIN_IMPL","3DBBBA46ACC66460E0537AA3FD0A6CE8","2016/09/30 15:03:45.151","FIN_IMPL","","","","","","","","","","","","","","","","","",""
"Fin Svcs UK Primary ADB Ledger","Fin Svcs UK Primary ADB Ledger","Fin Svcs UK Primary ADB Ledger","SECONDARY","SUBLEDGER","Fin Svcs UKIFRS SL","USD","Fin Svcs UK Primary ADB Ledger","GL","-1","Closing Journal","Other","Closing Journal","Other","Y","N","2016/09/30 15:03:44.749","FIN_IMPL","3DBBBA46ACC66460E0537AA3FD0A6CE8","2016/09/30 15:03:45.144","FIN_IMPL","","","","","","","","","","","","","","","","","",""
"Fin Svcs UK Primary ADB Ledger","Fin Svcs UK Primary ADB Ledger","Fin Svcs UK Primary ADB Ledger","SECONDARY","SUBLEDGER","Fin Svcs UKIFRS SL","USD","Fin Svcs UK Primary ADB Ledger","GL","-1","Cost Accounting","Other","Cost Accounting","Other","Y","N","2016/09/30 15:03:44.756","FIN_IMPL","3DBBBA46ACC66460E0537AA3FD0A6CE8","2016/09/30 15:03:45.15","FIN_IMPL","","","","","","","","","","","","","","","","","",""
"Fin Svcs UK Primary ADB Ledger","Fin Svcs UK Primary ADB Ledger","Fin Svcs UK Primary ADB Ledger","SECONDARY","SUBLEDGER","Fin Svcs UKIFRS SL","USD","Fin Svcs UK Primary ADB Ledger","GL","-1","Assets","Other","Assets","Other","Y","N","2016/09/30 15:03:44.753","FIN_IMPL","3DBBBA46ACC66460E0537AA3FD0A6CE8","2016/09/30 15:03:45.147","FIN_IMPL","","","","","","","","","","","","","","","","","",""
"Fin Svcs UK Primary ADB Ledger","Fin Svcs UK Primary ADB Ledger","Fin Svcs UK Primary ADB Ledger","SECONDARY","SUBLEDGER","Fin Svcs UKIFRS SL","USD","Fin Svcs UK Primary ADB Ledger","GL","-1","Cash Management","Other","Cash Management","Other","Y","N","2016/09/30 15:03:44.754","FIN_IMPL","3DBBBA46ACC66460E0537AA3FD0A6CE8","2016/09/30 15:03:45.148","FIN_IMPL","","","","","","","","","","","","","","","","","",""
"Fin Svcs US Primary ADB Ledger","Fin Svcs US Primary ADB Ledger","Fin Svcs US Primary ADB Ledger","SECONDARY","SUBLEDGER","Fin Svcs USGAAP SL","GBP","Fin Svcs US Primary ADB Ledger","GL","-1","Receipt Accounting","Other","Receipt Accounting","Other","Y","N","2016/09/30 13:59:20.12","FIN_IMPL","3DBAF9BA2A336466E0537AA3FD0ADFE2","2016/09/30 13:59:27.314","FIN_IMPL","","","","","","","","","","","","","","","","","",""
"Fin Svcs US Primary ADB Ledger","Fin Svcs US Primary ADB Ledger","Fin Svcs US Primary ADB Ledger","SECONDARY","SUBLEDGER","Fin Svcs USGAAP SL","GBP","Fin Svcs US Primary ADB Ledger","GL","-1","Receivables","Other","Receivables","Other","Y","N","2016/09/30 13:59:20.119","FIN_IMPL","3DBAF9BA2A336466E0537AA3FD0ADFE2","2016/09/30 13:59:27.312","FIN_IMPL","","","","","","","","","","","","","","","","","",""
"Italy Primary Ledger","Italy Primary Ledger","Italy Primary Ledger","SECONDARY","SUBLEDGER","Italy Secondary Ledger","EUR","Italy Primary Ledger","GL","-99","Assets","Other","Assets","Other","Y","N","2016/10/13 09:29:53.953","FIN_IMPL","3EB9AF6F77B83B8EE0537AA3FD0A10EF","2016/10/13 09:30:01.814","FIN_IMPL","","","","","","","","","","","","","","","","","",""
"Italy Primary Ledger","Italy Primary Ledger","Italy Primary Ledger","SECONDARY","SUBLEDGER","Italy Secondary Ledger","EUR","Italy Primary Ledger","GL","-99","Cash Management","Other","Cash Management","Other","Y","N","2016/10/13 09:29:53.953","FIN_IMPL","3EB9AF6F77B83B8EE0537AA3FD0A10EF","2016/10/13 09:30:01.814","FIN_IMPL","","","","","","","","","","","","","","","","","",""
"Italy Primary Ledger","Italy Primary Ledger","Italy Primary Ledger","SECONDARY","JOURNAL","Italy Statutory SL","EUR","Italy Primary Ledger","GL","-99","Closing Journal","Other","Closing Journal","Other","Y","N","2015/10/16 14:08:56.41","FIN_IMPL","2239F303B15B0FB8E053790B548C2ABE","2015/10/16 14:09:01.779","FIN_IMPL","","","","","","","","","","","","","","","","","",""
"Italy Primary Ledger","Italy Primary Ledger","Italy Primary Ledger","SECONDARY","JOURNAL","Italy Statutory SL","EUR","Italy Primary Ledger","GL","-99","Other","Other","Other","Other","Y","Y","2015/10/16 14:08:56.392","FIN_IMPL","2239F303B15B0FB8E053790B548C2ABE","2015/10/16 14:09:01.776","FIN_IMPL","","","","","","","","","","","","","","","","","",""
"Japan Primary Ledger","Japan Primary Ledger","Japan Primary Ledger","SECONDARY","SUBLEDGER","Japan Secondary Ledger","USD","Japan Primary Ledger","GL","-99","Receipt Accounting","Other","Receipt Accounting","Other","Y","N","2015/03/23 14:07:42.163","FIN_IMPL","11D1DB16360B5D0AE0536204548CDEFE","2015/03/23 14:07:48.168","FIN_IMPL","","","","","","","","","","","","","","","","","",""
"Japan Primary Ledger","Japan Primary Ledger","Japan Primary Ledger","SECONDARY","SUBLEDGER","Japan Secondary Ledger","USD","Japan Primary Ledger","GL","-99","Receivables","Other","Receivables","Other","Y","N","2015/03/23 14:07:42.163","FIN_IMPL","11D1DB16360B5D0AE0536204548CDEFE","2015/03/23 14:07:48.167","FIN_IMPL","","","","","","","","","","","","","","","","","",""
"Japan Primary Ledger","Japan Primary Ledger","Japan Primary Ledger","SECONDARY","SUBLEDGER","Japan Secondary Ledger","USD","Japan Primary Ledger","GL","-99","Payroll","Other","Payroll","Other","Y","N","2015/03/23 14:07:42.16","FIN_IMPL","11D1DB16360B5D0AE0536204548CDEFE","2015/03/23 14:07:48.165","FIN_IMPL","","","","","","","","","","","","","","","","","",""
"Japan Primary Ledger","Japan Primary Ledger","Japan Primary Ledger","SECONDARY","SUBLEDGER","Japan Secondary Ledger","USD","Japan Primary Ledger","GL","-99","Project Accounting","Other","Project Accounting","Other","Y","N","2015/03/23 14:07:42.161","FIN_IMPL","11D1DB16360B5D0AE0536204548CDEFE","2015/03/23 14:07:48.166","FIN_IMPL","","","","","","","","","","","","","","","","","",""
"Italy Primary Ledger","Italy Primary Ledger","Italy Primary Ledger","SECONDARY","SUBLEDGER","Italy Secondary Ledger","EUR","Italy Primary Ledger","GL","-99","Receipt Accounting","Other","Receipt Accounting","Other","Y","N","2016/10/13 09:29:53.961","FIN_IMPL","3EB9AF6F77B83B8EE0537AA3FD0A10EF","2016/10/13 09:30:01.821","FIN_IMPL","","","","","","","","","","","","","","","","","",""
"Italy Primary Ledger","Italy Primary Ledger","Italy Primary Ledger","SECONDARY","SUBLEDGER","Italy Secondary Ledger","EUR","Italy Primary Ledger","GL","-99","Receivables","Other","Receivables","Other","Y","N","2016/10/13 09:29:53.96","FIN_IMPL","3EB9AF6F77B83B8EE0537AA3FD0A10EF","2016/10/13 09:30:01.819","FIN_IMPL","","","","","","","","","","","","","","","","","",""
"Italy Primary Ledger","Italy Primary Ledger","Italy Primary Ledger","SECONDARY","SUBLEDGER","Italy Secondary Ledger","EUR","Italy Primary Ledger","GL","-99","Payroll","Other","Payroll","Other","Y","N","2016/10/13 09:29:53.956","FIN_IMPL","3EB9AF6F77B83B8EE0537AA3FD0A10EF","2016/10/13 09:30:01.817","FIN_IMPL","","","","","","","","","","","","","","","","","",""
"Italy Primary Ledger","Italy Primary Ledger","Italy Primary Ledger","SECONDARY","SUBLEDGER","Italy Secondary Ledger","EUR","Italy Primary Ledger","GL","-99","Project Accounting","Other","Project Accounting","Other","Y","N","2016/10/13 09:29:53.957","FIN_IMPL","3EB9AF6F77B83B8EE0537AA3FD0A10EF","2016/10/13 09:30:01.818","FIN_IMPL","","","","","","","","","","","","","","","","","",""
"Italy Primary Ledger","Italy Primary Ledger","Italy Primary Ledger","SECONDARY","SUBLEDGER","Italy Secondary Ledger","EUR","Italy Primary Ledger","GL","-99","Other","Other","Other","Other","Y","Y","2016/10/13 09:29:53.919","FIN_IMPL","3EB9AF6F77B83B8EE0537AA3FD0A10EF","2016/10/13 09:30:01.807","FIN_IMPL","","","","","","","","","","","","","","","","","",""
"Italy Primary Ledger","Italy Primary Ledger","Italy Primary Ledger","SECONDARY","SUBLEDGER","Italy Secondary Ledger","EUR","Italy Primary Ledger","GL","-99","Payables","Other","Payables","Other","Y","N","2016/10/13 09:29:53.955","FIN_IMPL","3EB9AF6F77B83B8EE0537AA3FD0A10EF","2016/10/13 09:30:01.816","FIN_IMPL","","","","","","","","","","","","","","","","","",""
"Italy Primary Ledger","Italy Primary Ledger","Italy Primary Ledger","SECONDARY","SUBLEDGER","Italy Secondary Ledger","EUR","Italy Primary Ledger","GL","-99","Closing Journal","Other","Closing Journal","Other","Y","N","2016/10/13 09:29:53.948","FIN_IMPL","3EB9AF6F77B83B8EE0537AA3FD0A10EF","2016/10/13 09:30:01.812","FIN_IMPL","","","","","","","","","","","","","","","","","",""
"Italy Primary Ledger","Italy Primary Ledger","Italy Primary Ledger","SECONDARY","SUBLEDGER","Italy Secondary Ledger","EUR","Italy Primary Ledger","GL","-99","Cost Accounting","Other","Cost Accounting","Other","Y","N","2016/10/13 09:29:53.954","FIN_IMPL","3EB9AF6F77B83B8EE0537AA3FD0A10EF","2016/10/13 09:30:01.815","FIN_IMPL","","","","","","","","","","","","","","","","","",""
