"UserPeriodSetName","PeriodSetName","Description","SecurityFlag","AdjPeriodsNum","NonAdjPeriodsNum","LatestYearStartDate","CalendarStartDate","CalendarTypeCode","LegacyCalendarFlag","Attribute1","Attribute2","Attribute3","Attribute4","Attribute5","CreationDate","CreatedBy","LastUpdateDate","LastUpdateLogin","LastUpdatedBy","NonAdjPeriodFreqCode","AdjPeriodFreqCode","LegacyRulesEnabledFlag","PeriodNameFormatCode","PeriodNameSeparatorCode","ReferencedByLedger","TotalPeriodsNum","CalendarFlowType","AttributeCategory","SamplePeriodName","UserPeriodNamePrefix"
"M_1460017147194","M_1460017147194","Award budgetary control calendar","N","0","4","2014/07/01","2014/07/01","COMMITMENT","N","","","","","","2016/04/07 08:19:07.229792","claudia.monet","2022/11/02 09:40:17.351","EB8D5B86CBB416E0E0536462F00A1053","FAS08.STUDENT","OTHER","NONE","N","PRDNUMYYFY","SEP_DASH","N","4","","","1-14",""
"M_1455601400904","M_1455601400904","Award budgetary control calendar","N","0","1","2015/03/01","2015/03/01","COMMITMENT","N","","","","","","2016/02/16 05:43:20.947335","thomas.magnum","2022/11/02 09:40:17.351","EB8D5B86CBB416E0E0536462F00A1053","FAS08.STUDENT","OTHER","NONE","N","PRDNUMYYFY","SEP_DASH","N","1","","","1-15",""
"ANZ Calendar","ANZ Calendar","July to June calendar with one adjusting period","N","1","12","2022/07/01","2012/07/01","ACCOUNTING","N","","","","","","2016/05/16 13:28:58.0","FIN_IMPL","2022/11/02 09:40:17.352","EB8D5B86CBB416E0E0536462F00A1053","FAS08.STUDENT","MONTH","1_YEAR_END","N","MMMYYCY","SEP_DASH","Y","13","","","Jul-12",""
"M_1460621092600","M_1460621092600","Award budgetary control calendar","N","0","3","2015/01/01","2015/01/01","COMMITMENT","N","","","","","","2016/04/14 08:04:52.625298","claudia.monet","2022/11/02 09:40:17.353","EB8D5B86CBB416E0E0536462F00A1053","FAS08.STUDENT","OTHER","NONE","N","PRDNUMYYFY","SEP_DASH","N","3","","","1-15",""
"S_1514780106282","S_1514780106282","Single period budgetary control calendar","N","0","1","2018/01/01","2018/01/01","COMMITMENT","N","","","","","","2018/01/01 04:15:06.283911","claudia.monet","2022/11/02 09:40:17.353","EB8D5B86CBB416E0E0536462F00A1053","FAS08.STUDENT","OTHER","NONE","N","PRDNUMYYFY","SEP_DASH","N","1","","","1-18",""
"M_1514780106154","M_1514780106154","Award budgetary control calendar","N","0","1","2020/01/01","2018/01/01","COMMITMENT","N","","","","","","2018/01/01 04:15:06.162577","claudia.monet","2022/11/02 09:40:17.354","EB8D5B86CBB416E0E0536462F00A1053","FAS08.STUDENT","OTHER","NONE","N","PRDNUMYYFY","SEP_DASH","N","1","","","1-18",""
"FiscalMMYY","FiscalMMYY","Split fiscal year April to March with calendar period name. Adjusting period once at year end.","N","1","12","2022/04/01","2012/04/01","ACCOUNTING","N","","","","","","2015/03/10 18:53:05.276","FIN_IMPL","2022/11/02 09:40:17.332","EB8D5B86CBB416E0E0536462F00A1053","FAS08.STUDENT","MONTH","1_YEAR_END","N","MMYYCY","SEP_DASH","Y","13","","","04-12",""
"AccountingMMYY","AccountingMMYY","Standard January to December and 1 Adj. period at year end (Numeric period names)","N","1","12","2026/01/01","2010/01/01","ACCOUNTING","N","","","","","","2013/10/24 15:05:57.0","FIN_IMPL","2022/11/02 09:40:17.333","EB8D5B86CBB416E0E0536462F00A1053","FAS08.STUDENT","MONTH","1_YEAR_END","N","MMYYCY","SEP_DASH","Y","13","","","01-10",""
"M_1434577201626","M_1434577201626","Award budgetary control calendar","N","0","2","2015/01/01","2015/01/01","COMMITMENT","N","","","","","","2015/06/17 21:40:01.789112","brock.phillips","2022/11/02 09:40:17.334","EB8D5B86CBB416E0E0536462F00A1053","FAS08.STUDENT","OTHER","NONE","N","PRDNUMYYFY","SEP_DASH","N","2","","","1-15",""
"M_1429823502833","M_1429823502833","Award budgetary control calendar","N","0","2","2015/01/01","2015/01/01","COMMITMENT","N","","","","","","2015/04/23 21:11:42.853161","sally.shiffer","2022/11/02 09:40:17.335","EB8D5B86CBB416E0E0536462F00A1053","FAS08.STUDENT","OTHER","NONE","N","PRDNUMYYFY","SEP_DASH","N","2","","","1-15",""
"M_1455601407753","M_1455601407753","Award budgetary control calendar","N","0","1","2015/03/01","2015/03/01","COMMITMENT","N","","","","","","2016/02/16 05:43:27.759095","thomas.magnum","2022/11/02 09:40:17.336","EB8D5B86CBB416E0E0536462F00A1053","FAS08.STUDENT","OTHER","NONE","N","PRDNUMYYFY","SEP_DASH","N","1","","","1-15",""
"Corp Annual","Corp Annual","Corporate Annual","N","0","1","2025/01/01","2014/01/01","ACCOUNTING","N","","","","","","2015/10/29 16:39:36.301","FIN_IMPL","2022/11/02 09:40:17.337","EB8D5B86CBB416E0E0536462F00A1053","FAS08.STUDENT","YEAR","NONE","N","PRDNUMYYFY","SEP_DASH","N","1","","","FY1-14","FY"
"M_1495645543007","M_1495645543007","Award budgetary control calendar","N","0","1","2018/04/01","2017/04/01","COMMITMENT","N","","","","","","2017/05/24 17:05:43.161184","thomas.magnum","2022/11/02 09:40:17.337","EB8D5B86CBB416E0E0536462F00A1053","FAS08.STUDENT","OTHER","NONE","N","PRDNUMYYFY","SEP_DASH","N","1","","","1-17",""
"M_1470738765523","M_1470738765523","Award budgetary control calendar","N","0","2","2016/07/01","2016/07/01","COMMITMENT","N","","","","","","2016/08/09 10:32:45.580516","brock.phillips","2022/11/02 09:40:17.338","EB8D5B86CBB416E0E0536462F00A1053","FAS08.STUDENT","OTHER","NONE","N","PRDNUMYYFY","SEP_DASH","N","2","","","1-16",""
"M_1506421500099","M_1506421500099","Award budgetary control calendar","N","0","1","2019/07/01","2017/07/01","COMMITMENT","N","","","","","","2017/09/26 10:25:00.198065","claudia.monet","2022/11/02 09:40:17.339","EB8D5B86CBB416E0E0536462F00A1053","FAS08.STUDENT","OTHER","NONE","N","PRDNUMYYFY","SEP_DASH","N","1","","","1-17",""
"S_1495645543946","S_1495645543946","Single period budgetary control calendar","N","0","1","2017/04/01","2017/04/01","COMMITMENT","N","","","","","","2017/05/24 17:05:43.948852","thomas.magnum","2022/11/02 09:40:17.34","EB8D5B86CBB416E0E0536462F00A1053","FAS08.STUDENT","OTHER","NONE","N","PRDNUMYYFY","SEP_DASH","N","1","","","1-17",""
"M_1429737507726","M_1429737507726","Award budgetary control calendar","N","0","3","2015/03/01","2015/03/01","COMMITMENT","N","","","","","","2015/04/22 21:18:27.753506","thomas.magnum","2022/11/02 09:40:17.371","EB8D5B86CBB416E0E0536462F00A1053","FAS08.STUDENT","OTHER","NONE","N","PRDNUMYYFY","SEP_DASH","N","3","","","1-15",""
"17Ledger","17Ledger","","N","1","12","2023/01/01","2022/01/01","ACCOUNTING","N","","","","","","2022/10/28 01:51:56.0","FAS19.STUDENT","2022/11/02 09:40:17.371","EB8D5B86CBB416E0E0536462F00A1053","FAS08.STUDENT","MONTH","1_YEAR_END","N","MMMYYCY","SEP_DASH","Y","13","","","Jan-22",""
"M_1429734198604","M_1429734198604","Award budgetary control calendar","N","0","1","2015/03/01","2015/03/01","COMMITMENT","N","","","","","","2015/04/22 20:23:19.174706","thomas.magnum","2022/11/02 09:40:17.372","EB8D5B86CBB416E0E0536462F00A1053","FAS08.STUDENT","OTHER","NONE","N","PRDNUMYYFY","SEP_DASH","N","1","","","1-15",""
"22Ledger","22Ledger","Testing Completed","N","1","12","2023/01/01","2022/01/01","ACCOUNTING","N","","","","","","2022/10/23 17:46:24.0","FAS22.STUDENT","2022/11/02 09:57:09.053","EB8D5942510C16DEE0536462F00A3329","FAS08.STUDENT","MONTH","1_YEAR_END","N","MMMYYCY","SEP_DASH","Y","13","","","Jan-22",""
"AcctCalMMYY","AcctCalMMYY","Standard January to December and 1 Adj. period at year start and 1 Adj. period at year end. (Numeric period names)","N","2","12","2023/01/01","2013/01/01","ACCOUNTING","N","","","","","","2015/08/07 11:25:24.0","FIN_IMPL","2022/11/02 09:40:17.373","EB8D5B86CBB416E0E0536462F00A1053","FAS08.STUDENT","MONTH","1_BEGIN_1_END","N","MMYYCY","SEP_DASH","Y","14","","","01-13",""
"M_1643381138836","M_1643381138836","Award budgetary control calendar","N","0","1","2025/03/01","2022/03/01","COMMITMENT","N","","","","","","2022/01/28 14:45:38.885001","brock.phillips","2022/11/02 09:40:17.374","EB8D5B86CBB416E0E0536462F00A1053","FAS08.STUDENT","OTHER","NONE","N","PRDNUMYYFY","SEP_DASH","N","1","","","1-22",""
"M_1429739167807","M_1429739167807","Award budgetary control calendar","N","0","1","2015/01/01","2015/01/01","COMMITMENT","N","","","","","","2015/04/22 21:46:07.82628","thomas.magnum","2022/11/02 09:40:17.375","EB8D5B86CBB416E0E0536462F00A1053","FAS08.STUDENT","OTHER","NONE","N","PRDNUMYYFY","SEP_DASH","N","1","","","1-15",""
"AU Council","AU Council","July to June calendar with one adjusting period","N","1","12","2024/07/01","2012/07/01","ACCOUNTING","N","","","","","","2021/02/02 16:36:32.0","FIN_IMPL","2022/11/02 09:40:17.376","EB8D5B86CBB416E0E0536462F00A1053","FAS08.STUDENT","MONTH","1_YEAR_END","N","MMMYYCY","SEP_DASH","Y","13","","","Jul-12",""
"M_1460550693079","M_1460550693079","Award budgetary control calendar","N","0","3","2015/01/01","2015/01/01","COMMITMENT","N","","","","","","2016/04/13 12:31:33.109421","brock.phillips","2022/11/02 09:40:17.377","EB8D5B86CBB416E0E0536462F00A1053","FAS08.STUDENT","OTHER","NONE","N","PRDNUMYYFY","SEP_DASH","N","3","","","1-15",""
"M_1439933324854","M_1439933324854","Award budgetary control calendar","N","0","3","2015/03/01","2015/03/01","COMMITMENT","N","","","","","","2015/08/18 21:28:44.972984","thomas.magnum","2022/11/02 09:40:17.378","EB8D5B86CBB416E0E0536462F00A1053","FAS08.STUDENT","OTHER","NONE","N","PRDNUMYYFY","SEP_DASH","N","3","","","1-15",""
"M_1460621422720","M_1460621422720","Award budgetary control calendar","N","0","3","2015/01/01","2015/01/01","COMMITMENT","N","","","","","","2016/04/14 08:10:22.743113","claudia.monet","2022/11/02 09:40:17.345","EB8D5B86CBB416E0E0536462F00A1053","FAS08.STUDENT","OTHER","NONE","N","PRDNUMYYFY","SEP_DASH","N","3","","","1-15",""
"M_1460550989021","M_1460550989021","Award budgetary control calendar","N","0","3","2015/01/01","2015/01/01","COMMITMENT","N","","","","","","2016/04/13 12:36:29.03863","brock.phillips","2022/11/02 09:40:17.345","EB8D5B86CBB416E0E0536462F00A1053","FAS08.STUDENT","OTHER","NONE","N","PRDNUMYYFY","SEP_DASH","N","3","","","1-15",""
"M_1514793153536","M_1514793153536","Award budgetary control calendar","N","0","1","2022/01/01","2018/01/01","COMMITMENT","N","","","","","","2018/01/01 07:52:33.543628","brock.phillips","2022/11/02 09:40:17.346","EB8D5B86CBB416E0E0536462F00A1053","FAS08.STUDENT","OTHER","NONE","N","PRDNUMYYFY","SEP_DASH","N","1","","","1-18",""
"M_1483433492558","M_1483433492558","Award budgetary control calendar","N","0","2","2017/01/01","2017/01/01","COMMITMENT","N","","","","","","2017/01/03 08:51:32.564928","brock.phillips","2022/11/02 09:40:17.347","EB8D5B86CBB416E0E0536462F00A1053","FAS08.STUDENT","OTHER","NONE","N","PRDNUMYYFY","SEP_DASH","N","2","","","1-17",""
"GOV Calendar","GOV Calendar","Progress Fiscal Calendar, July through June, 1 Adj. period at year end.","N","1","12","2024/07/01","2011/07/01","ACCOUNTING","N","","","","","","2014/06/03 14:41:12.0","FIN_IMPL","2022/11/02 09:40:17.348","EB8D5B86CBB416E0E0536462F00A1053","FAS08.STUDENT","OTHER","1_YEAR_END","N","PRDNUMYYFY","SEP_DASH","Y","13","","","1-11",""
"S_1514793153620","S_1514793153620","Single period budgetary control calendar","N","0","1","2018/01/01","2018/01/01","COMMITMENT","N","","","","","","2018/01/01 07:52:33.621842","brock.phillips","2022/11/02 09:40:17.348","EB8D5B86CBB416E0E0536462F00A1053","FAS08.STUDENT","OTHER","NONE","N","PRDNUMYYFY","SEP_DASH","N","1","","","1-18",""
"M_1438801232492","M_1438801232492","Award budgetary control calendar","N","0","2","2015/01/01","2015/01/01","COMMITMENT","N","","","","","","2015/08/05 19:00:32.493212","brock.phillips","2022/11/02 09:40:17.349","EB8D5B86CBB416E0E0536462F00A1053","FAS08.STUDENT","OTHER","NONE","N","PRDNUMYYFY","SEP_DASH","N","2","","","1-15",""
"M_1438800872196","M_1438800872196","Award budgetary control calendar","N","0","2","2015/01/01","2015/01/01","COMMITMENT","N","","","","","","2015/08/05 18:54:32.261349","brock.phillips","2022/11/02 09:40:17.35","EB8D5B86CBB416E0E0536462F00A1053","FAS08.STUDENT","OTHER","NONE","N","PRDNUMYYFY","SEP_DASH","N","2","","","1-15",""
",","N","1","12","2023/01/01","2013/01/01","ACCOUNTING","N","","","","","","2016/01/20 12:26:22.0","FIN_IMPL","2022/10/31 11:35:51.512","EB8D5B3257752D93E0532162F00AB32A","FAS08.STUDENT","MONTH","1_YEAR_END","N","MMMYYCY","SEP_DASH","Y","13","","","Jan-13","","",""
"AccountingMMMYY","AccountingMMMYY","Standard January to December and 1 Adj. period at year end (alphabetic month and numeric year in period names)","","","","","","","","","","","","","","","","","","","","","","","","","","","",""
"M_1521526271483","M_1521526271483","Award budgetary control calendar","N","0","1","2022/01/01","2018/01/01","COMMITMENT","N","","","","","","2018/03/20 06:11:11.859167","NANCY.FALCONE","2022/11/02 09:40:17.323","EB8D5B86CBB416E0E0536462F00A1053","FAS08.STUDENT","OTHER","NONE","N","PRDNUMYYFY","SEP_DASH","N","1","","","1-18",""
"S_1604993490976","S_1604993490976","Single period budgetary control calendar","N","0","1","2020/07/01","2020/07/01","COMMITMENT","N","","","","","","2020/11/10 07:31:30.979809","NANCY.FALCONE","2022/11/02 09:40:17.324","EB8D5B86CBB416E0E0536462F00A1053","FAS08.STUDENT","OTHER","NONE","N","PRDNUMYYFY","SEP_DASH","N","1","","","1-20",""
"S_1515101937391","S_1515101937391","Single period budgetary control calendar","N","0","1","2017/12/01","2017/12/01","COMMITMENT","N","","","","","","2018/01/04 21:38:57.459138","LAURA.MCEVOY","2022/11/02 09:40:17.325","EB8D5B86CBB416E0E0536462F00A1053","FAS08.STUDENT","OTHER","NONE","N","PRDNUMYYFY","SEP_DASH","N","1","","","1-17",""
"M_1604993490690","M_1604993490690","Award budgetary control calendar","N","0","1","2022/07/01","2020/07/01","COMMITMENT","N","","","","","","2020/11/10 07:31:30.695058","NANCY.FALCONE","2022/11/02 09:40:17.326","EB8D5B86CBB416E0E0536462F00A1053","FAS08.STUDENT","OTHER","NONE","N","PRDNUMYYFY","SEP_DASH","N","1","","","1-20",""
"M_1521652417335","M_1521652417335","Award budgetary control calendar","N","0","1","2022/01/01","2018/01/01","COMMITMENT","N","","","","","","2018/03/21 17:13:38.859247","NANCY.FALCONE","2022/11/02 09:40:17.326","EB8D5B86CBB416E0E0536462F00A1053","FAS08.STUDENT","OTHER","NONE","N","PRDNUMYYFY","SEP_DASH","N","1","","","1-18",""
"Progress UK","Progress UK","","N","1","12","2029/01/01","2017/01/01","ACCOUNTING","N","","","","","","2021/01/11 11:51:30.0","FIN_IMPL","2022/11/02 09:40:17.327","EB8D5B86CBB416E0E0536462F00A1053","FAS08.STUDENT","MONTH","1_YEAR_END","N","MMMYYCY","SEP_DASH","Y","13","","","Jan-17",""
"S_1521526272503","S_1521526272503","Single period budgetary control calendar","N","0","1","2018/01/01","2018/01/01","COMMITMENT","N","","","","","","2018/03/20 06:11:12.506026","NANCY.FALCONE","2022/11/02 09:40:17.328","EB8D5B86CBB416E0E0536462F00A1053","FAS08.STUDENT","OTHER","NONE","N","PRDNUMYYFY","SEP_DASH","N","1","","","1-18",""
"US Federal","US Federal","US Federal","N","2","12","2024/10/01","2017/10/01","ACCOUNTING","N","","","","","","2021/01/07 16:12:44.0","FIN_IMPL","2022/11/02 09:40:17.329","EB8D5B86CBB416E0E0536462F00A1053","FAS08.STUDENT","MONTH","2_YEAR_END","N","MMMYYFY","SEP_DASH","Y","14","","","Oct-17",""
"S_1528309123042","S_1528309123042","Single period budgetary control calendar","N","0","1","2017/10/01","2017/10/01","COMMITMENT","N","","","","","","2018/06/06 18:18:43.046403","brock.phillips","2022/11/02 09:40:17.329","EB8D5B86CBB416E0E0536462F00A1053","FAS08.STUDENT","OTHER","NONE","N","PRDNUMYYFY","SEP_DASH","N","1","","","1-17",""
"S_1636525433308","S_1636525433308","Single period budgetary control calendar","N","0","1","2021/07/01","2021/07/01","COMMITMENT","N","","","","","","2021/11/10 06:23:53.311552","NANCY.FALCONE","2022/11/02 09:40:17.33","EB8D5B86CBB416E0E0536462F00A1053","FAS08.STUDENT","OTHER","NONE","N","PRDNUMYYFY","SEP_DASH","N","1","","","1-21",""
"M_1528309122484","M_1528309122484","Award budgetary control calendar","N","0","1","2026/10/01","2017/10/01","COMMITMENT","N","","","","","","2018/06/06 18:18:42.636767","brock.phillips","2022/11/02 09:40:17.331","EB8D5B86CBB416E0E0536462F00A1053","FAS08.STUDENT","OTHER","NONE","N","PRDNUMYYFY","SEP_DASH","N","1","","","1-17",""
"M_1636525432829","M_1636525432829","Award budgetary control calendar","N","0","1","2023/07/01","2021/07/01","COMMITMENT","N","","","","","","2021/11/10 06:23:52.955161","NANCY.FALCONE","2022/11/02 09:40:17.332","EB8D5B86CBB416E0E0536462F00A1053","FAS08.STUDENT","OTHER","NONE","N","PRDNUMYYFY","SEP_DASH","N","1","","","1-21",""
"M_1409512982164","M_1409512982164","Award budgetary control calendar","N","0","2","2013/12/01","2013/12/01","COMMITMENT","N","","","","","","2014/08/31 19:23:02.269362","brock.phillips","2022/11/02 09:40:17.355","EB8D5B86CBB416E0E0536462F00A1053","FAS08.STUDENT","OTHER","NONE","N","PRDNUMYYFY","SEP_DASH","N","2","","","1-13",""
"S_1643294406987","S_1643294406987","Single period budgetary control calendar","N","0","1","2022/01/01","2022/01/01","COMMITMENT","N","","","","","","2022/01/27 14:40:06.989908","brock.phillips","2022/11/02 09:40:17.356","EB8D5B86CBB416E0E0536462F00A1053","FAS08.STUDENT","OTHER","NONE","N","PRDNUMYYFY","SEP_DASH","N","1","","","1-22",""
"M_1409091370990","M_1409091370990","Award budgetary control calendar","N","0","3","2014/02/01","2014/02/01","COMMITMENT","N","","","","","","2014/08/26 22:16:11.028285","brock.phillips","2022/11/02 09:40:17.357","EB8D5B86CBB416E0E0536462F00A1053","FAS08.STUDENT","OTHER","NONE","N","PRDNUMYYFY","SEP_DASH","N","3","","","1-14",""
"M_1643294406515","M_1643294406515","Award budgetary control calendar","N","0","1","2026/01/01","2022/01/01","COMMITMENT","N","","","","","","2022/01/27 14:40:06.626646","brock.phillips","2022/11/02 09:40:17.357","EB8D5B86CBB416E0E0536462F00A1053","FAS08.STUDENT","OTHER","NONE","N","PRDNUMYYFY","SEP_DASH","N","1","","","1-22",""
"M_1434645025738","M_1434645025738","Award budgetary control calendar","N","0","2","2015/06/01","2015/06/01","COMMITMENT","N","","","","","","2015/06/18 16:30:25.887527","brock.phillips","2022/11/02 09:40:17.358","EB8D5B86CBB416E0E0536462F00A1053","FAS08.STUDENT","OTHER","NONE","N","PRDNUMYYFY","SEP_DASH","N","2","","","1-15",""
"S_1643295249660","S_1643295249660","Single period budgetary control calendar","N","0","1","2022/01/01","2022/01/01","COMMITMENT","N","","","","","","2022/01/27 14:54:09.664031","brock.phillips","2022/11/02 09:40:17.359","EB8D5B86CBB416E0E0536462F00A1053","FAS08.STUDENT","OTHER","NONE","N","PRDNUMYYFY","SEP_DASH","N","1","","","1-22",""
"M_1409592314499","M_1409592314499","Award budgetary control calendar","N","0","1","2014/01/01","2014/01/01","COMMITMENT","N","","","","","","2014/09/01 17:25:14.564056","brock.phillips","2022/11/02 09:40:17.36","EB8D5B86CBB416E0E0536462F00A1053","FAS08.STUDENT","OTHER","NONE","N","PRDNUMYYFY","SEP_DASH","N","1","","","1-14",""
"M_1643295249400","M_1643295249400","Award budgetary control calendar","N","0","1","2026/01/01","2022/01/01","COMMITMENT","N","","","","","","2022/01/27 14:54:09.433554","brock.phillips","2022/11/02 09:40:17.36","EB8D5B86CBB416E0E0536462F00A1053","FAS08.STUDENT","OTHER","NONE","N","PRDNUMYYFY","SEP_DASH","N","1","","","1-22",""
"M_1486629037561","M_1486629037561","Award budgetary control calendar","N","0","2","2017/01/01","2017/01/01","COMMITMENT","N","","","","","","2017/02/09 08:30:37.675515","sally.shiffer","2022/11/02 09:40:17.361","EB8D5B86CBB416E0E0536462F00A1053","FAS08.STUDENT","OTHER","NONE","N","PRDNUMYYFY","SEP_DASH","N","2","","","1-17",""
"M_1649406980790","M_1649406980790","Award budgetary control calendar","N","0","1","2024/01/01","2022/01/01","COMMITMENT","N","","","","","","2022/04/08 08:36:20.82093","NANCY.FALCONE","2022/11/02 09:40:17.362","EB8D5B86CBB416E0E0536462F00A1053","FAS08.STUDENT","OTHER","NONE","N","PRDNUMYYFY","SEP_DASH","N","1","","","1-22",""
"M_1460017175646","M_1460017175646","Award budgetary control calendar","N","0","4","2014/07/01","2014/07/01","COMMITMENT","N","","","","","","2016/04/07 08:19:35.650948","claudia.monet","2022/11/02 09:40:17.362","EB8D5B86CBB416E0E0536462F00A1053","FAS08.STUDENT","OTHER","NONE","N","PRDNUMYYFY","SEP_DASH","N","4","","","1-14",""
"S_1645098733405","S_1645098733405","Single period budgetary control calendar","N","0","1","2022/01/01","2022/01/01","COMMITMENT","N","","","","","","2022/02/17 11:52:13.442147","LAURA.MCEVOY","2022/11/02 09:40:17.363","EB8D5B86CBB416E0E0536462F00A1053","FAS08.STUDENT","OTHER","NONE","N","PRDNUMYYFY","SEP_DASH","N","1","","","1-22",""
"S_1509005319272","S_1509005319272","Single period budgetary control calendar","N","0","1","2017/07/01","2017/07/01","COMMITMENT","N","","","","","","2017/10/26 08:08:39.272982","brock.phillips","2022/11/02 09:40:17.364","EB8D5B86CBB416E0E0536462F00A1053","FAS08.STUDENT","OTHER","NONE","N","PRDNUMYYFY","SEP_DASH","N","1","","","1-17",""
"Anjum Acc Cal","Annum Acc Cal","Anjum Acc Cal","N","1","12","2022/01/01","2022/01/01","ACCOUNTING","N","","","","","","2022/10/22 06:02:20.0","FAS01.STUDENT","2022/11/02 09:40:17.364","EB8D5B86CBB416E0E0536462F00A1053","FAS08.STUDENT","MONTH","1_YEAR_END","N","MMMYYCY","SEP_DASH","Y","13","","","Jan-22",""
"M_1509005319199","M_1509005319199","Award budgetary control calendar","N","0","1","2022/07/01","2017/07/01","COMMITMENT","N","","","","","","2017/10/26 08:08:39.206103","brock.phillips","2022/11/02 09:40:17.365","EB8D5B86CBB416E0E0536462F00A1053","FAS08.STUDENT","OTHER","NONE","N","PRDNUMYYFY","SEP_DASH","N","1","","","1-17",""
"C_1657319005695","C_1657319005695","Progress US Primary Ledger Cash control budget calendar","N","0","1","2011/07/01","2011/07/01","COMMITMENT","N","","","","","","2022/07/08 22:23:25.822804","FIN_IMPL","2022/11/02 09:40:17.366","EB8D5B86CBB416E0E0536462F00A1053","FAS08.STUDENT","OTHER","NONE","N","PRDNUMYYFY","SEP_DASH","N","1","","","1-11",""
"S_1514779990838","S_1514779990838","Single period budgetary control calendar","N","0","1","2018/01/01","2018/01/01","COMMITMENT","N","","","","","","2018/01/01 04:13:10.840694","claudia.monet","2022/11/02 09:40:17.367","EB8D5B86CBB416E0E0536462F00A1053","FAS08.STUDENT","OTHER","NONE","N","PRDNUMYYFY","SEP_DASH","N","1","","","1-18",""
"A Acc Cal","A Acc Cal","A Acc Cal","N","1","12","2022/01/01","2022/01/01","ACCOUNTING","N","","","","","","2022/10/22 14:47:11.0","FAS09.STUDENT","2022/11/02 09:40:17.367","EB8D5B86CBB416E0E0536462F00A1053","FAS08.STUDENT","MONTH","1_YEAR_END","N","MMMYYCY","SEP_DASH","Y","13","","","Jan-22",""
"M_1514779989876","M_1514779989876","Award budgetary control calendar","N","0","1","2020/01/01","2018/01/01","COMMITMENT","N","","","","","","2018/01/01 04:13:10.437145","claudia.monet","2022/11/02 09:40:17.368","EB8D5B86CBB416E0E0536462F00A1053","FAS08.STUDENT","OTHER","NONE","N","PRDNUMYYFY","SEP_DASH","N","1","","","1-18",""
"Athika Acc Cal","Athika Acc Cal","Athika Acc Cal","N","1","12","2022/01/01","2022/01/01","ACCOUNTING","N","","","","","","2022/10/22 12:10:47.0","FAS01.STUDENT","2022/11/02 09:40:17.37","EB8D5B86CBB416E0E0536462F00A1053","FAS08.STUDENT","MONTH","1_YEAR_END","N","MMMYYCY","SEP_DASH","Y","13","","","Jan-22",""
"M_1508998582501","M_1508998582501","Award budgetary control calendar","N","0","1","2022/07/01","2017/07/01","COMMITMENT","N","","","","","","2017/10/26 06:16:22.541093","brock.phillips","2022/11/02 09:40:17.34","EB8D5B86CBB416E0E0536462F00A1053","FAS08.STUDENT","OTHER","NONE","N","PRDNUMYYFY","SEP_DASH","N","1","","","1-17",""
"S_1506421500374","S_1506421500374","Single period budgetary control calendar","N","0","1","2017/07/01","2017/07/01","COMMITMENT","N","","","","","","2017/09/26 10:25:00.376043","claudia.monet","2022/11/02 09:40:17.341","EB8D5B86CBB416E0E0536462F00A1053","FAS08.STUDENT","OTHER","NONE","N","PRDNUMYYFY","SEP_DASH","N","1","","","1-17",""
"M_1514793031253","M_1514793031253","Award budgetary control calendar","N","0","1","2022/01/01","2018/01/01","COMMITMENT","N","","","","","","2018/01/01 07:50:31.271574","brock.phillips","2022/11/02 09:40:17.342","EB8D5B86CBB416E0E0536462F00A1053","FAS08.STUDENT","OTHER","NONE","N","PRDNUMYYFY","SEP_DASH","N","1","","","1-18",""
"S_1508998582763","S_1508998582763","Single period budgetary control calendar","N","0","1","2017/07/01","2017/07/01","COMMITMENT","N","","","","","","2017/10/26 06:16:22.765181","brock.phillips","2022/11/02 09:40:17.342","EB8D5B86CBB416E0E0536462F00A1053","FAS08.STUDENT","OTHER","NONE","N","PRDNUMYYFY","SEP_DASH","N","1","","","1-17",""
"M_1520916429811","M_1520916429811","Award budgetary control calendar","N","0","1","2021/03/01","2018/03/01","COMMITMENT","N","","","","","","2018/03/13 04:47:09.973618","brock.phillips","2022/11/02 09:40:17.343","EB8D5B86CBB416E0E0536462F00A1053","FAS08.STUDENT","OTHER","NONE","N","PRDNUMYYFY","SEP_DASH","N","1","","","1-18",""
"S_1514793031305","S_1514793031305","Single period budgetary control calendar","N","0","1","2018/01/01","2018/01/01","COMMITMENT","N","","","","","","2018/01/01 07:50:31.306753","brock.phillips","2022/11/02 09:40:17.344","EB8D5B86CBB416E0E0536462F00A1053","FAS08.STUDENT","OTHER","NONE","N","PRDNUMYYFY","SEP_DASH","N","1","","","1-18",""
"Annual Calendar","annual Calendar","Annual Calendar used for Progress Control Budget","N","0","1","2024/07/01","2012/07/01","ACCOUNTING","N","","","","","","2014/07/28 21:54:22.0","FIN_IMPL","2022/11/02 09:40:17.309","EB8D5B86CBB416E0E0536462F00A1053","FAS08.STUDENT","YEAR","NONE","N","PRDNUMYYFY","SEP_DASH","N","1","","","FY1-12","FY"
"S_1557816008269","S_1557816008269","Single period budgetary control calendar","N","0","1","2019/04/01","2019/04/01","COMMITMENT","N","","","","","","2019/05/14 06:40:08.272913","claudia.monet","2022/11/02 09:40:17.31","EB8D5B86CBB416E0E0536462F00A1053","FAS08.STUDENT","OTHER","NONE","N","PRDNUMYYFY","SEP_DASH","N","1","","","1-19",""
"M_1557816007712","M_1557816007712","Award budgetary control calendar","N","0","1","2020/04/01","2019/04/01","COMMITMENT","N","","","","","","2019/05/14 06:40:07.922872","claudia.monet","2022/11/02 09:40:17.311","EB8D5B86CBB416E0E0536462F00A1053","FAS08.STUDENT","OTHER","NONE","N","PRDNUMYYFY","SEP_DASH","N","1","","","1-19",""
"M_1409080672542","M_1409080672542","Award budgetary control calendar","N","0","2","2014/07/01","2014/07/01","COMMITMENT","N","","","","","","2014/08/26 19:17:52.561149","brock.phillips","2022/11/02 09:40:17.311","EB8D5B86CBB416E0E0536462F00A1053","FAS08.STUDENT","OTHER","NONE","N","PRDNUMYYFY","SEP_DASH","N","2","","","1-14",""
"M_1583316587604","M_1583316587604","Award budgetary control calendar","N","0","1","2022/10/01","2019/08/01","COMMITMENT","N","","","","","","2020/03/04 10:09:47.772994","brock.phillips","2022/11/02 09:40:17.312","EB8D5B86CBB416E0E0536462F00A1053","FAS08.STUDENT","OTHER","NONE","N","PRDNUMYYFY","SEP_DASH","N","1","","","1-19",""
"M_1409080224720","M_1409080224720","Award budgetary control calendar","N","0","2","2014/01/01","2014/01/01","COMMITMENT","N","","","","","","2014/08/26 19:10:24.78432","brock.phillips","2022/11/02 09:40:17.313","EB8D5B86CBB416E0E0536462F00A1053","FAS08.STUDENT","OTHER","NONE","N","PRDNUMYYFY","SEP_DASH","N","2","","","1-14",""
"M_1550204814041","M_1550204814041","Award budgetary control calendar","N","0","1","2020/01/01","2019/01/01","COMMITMENT","N","","","","","","2019/02/15 04:26:54.102305","claudia.monet","2022/11/02 09:40:17.313","EB8D5B86CBB416E0E0536462F00A1053","FAS08.STUDENT","OTHER","NONE","N","PRDNUMYYFY","SEP_DASH","N","1","","","1-19",""
"IT IVA Calendar","IT IVA Calendar","IVA Calendar (mandatory for the Italy localized VAT Registers)","N","0","12","2023/01/01","2014/01/01","ACCOUNTING","N","","","","","","2016/02/02 16:48:27.0","FIN_IMPL","2022/11/02 09:40:17.314","EB8D5B86CBB416E0E0536462F00A1053","FAS08.STUDENT","MONTH","NONE","N","MMMYYCY","SEP_DASH","N","12","","","Jan-14",""
"S_1586512878024","S_1586512878024","Single period budgetary control calendar","N","0","1","2019/10/01","2019/10/01","COMMITMENT","N","","","","","","2020/04/10 10:01:18.028439","brock.phillips","2022/11/02 09:40:17.315","EB8D5B86CBB416E0E0536462F00A1053","FAS08.STUDENT","OTHER","NONE","N","PRDNUMYYFY","SEP_DASH","N","1","","","1-19",""
"M_1429814862553","M_1429814862553","Award budgetary control calendar","N","0","2","2015/04/01","2015/04/01","COMMITMENT","N","","","","","","2015/04/23 18:47:42.697388","thomas.magnum","2022/11/02 09:40:17.316","EB8D5B86CBB416E0E0536462F00A1053","FAS08.STUDENT","OTHER","NONE","N","PRDNUMYYFY","SEP_DASH","N","2","","","1-15",""
"M_1586512876669","M_1586512876669","Award budgetary control calendar","N","0","1","2021/10/01","2019/10/01","COMMITMENT","N","","","","","","2020/04/10 10:01:17.066887","brock.phillips","2022/11/02 09:40:17.316","EB8D5B86CBB416E0E0536462F00A1053","FAS08.STUDENT","OTHER","NONE","N","PRDNUMYYFY","SEP_DASH","N","1","","","1-19",""
"M_1483432923044","M_1483432923044","Award budgetary control calendar","N","0","2","2017/01/01","2017/01/01","COMMITMENT","N","","","","","","2017/01/03 08:42:03.2414","brock.phillips","2022/11/02 09:40:17.317","EB8D5B86CBB416E0E0536462F00A1053","FAS08.STUDENT","OTHER","NONE","N","PRDNUMYYFY","SEP_DASH","N","2","","","1-17",""
"M_1586513543293","M_1586513543293","Award budgetary control calendar","N","0","1","2021/10/01","2019/10/01","COMMITMENT","N","","","","","","2020/04/10 10:12:23.298224","brock.phillips","2022/11/02 09:40:17.318","EB8D5B86CBB416E0E0536462F00A1053","FAS08.STUDENT","OTHER","NONE","N","PRDNUMYYFY","SEP_DASH","N","1","","","1-19",""
"S_1461145243031","S_1461145243031","Single period budgetary control calendar","N","0","1","2016/04/01","2016/04/01","COMMITMENT","N","","","","","","2016/04/20 09:40:43.071346","brock.phillips","2022/11/02 09:40:17.319","EB8D5B86CBB416E0E0536462F00A1053","FAS08.STUDENT","OTHER","NONE","N","PRDNUMYYFY","SEP_DASH","N","1","","","1-16",""
"M_1583317995311","M_1583317995311","Award budgetary control calendar","N","0","1","2022/10/01","2019/08/01","COMMITMENT","N","","","","","","2020/03/04 10:33:15.367321","brock.phillips","2022/11/02 09:40:17.319","EB8D5B86CBB416E0E0536462F00A1053","FAS08.STUDENT","OTHER","NONE","N","PRDNUMYYFY","SEP_DASH","N","1","","","1-19",""
"S_1506422991892","S_1506422991892","Single period budgetary control calendar","N","0","1","2017/07/01","2017/07/01","COMMITMENT","N","","","","","","2017/09/26 10:49:51.893121","claudia.monet","2022/11/02 09:40:17.32","EB8D5B86CBB416E0E0536462F00A1053","FAS08.STUDENT","OTHER","NONE","N","PRDNUMYYFY","SEP_DASH","N","1","","","1-17",""
"M_1604990753577","M_1604990753577","Award budgetary control calendar","N","0","1","2021/10/01","2020/10/01","COMMITMENT","N","","","","","","2020/11/10 06:45:53.910087","NANCY.FALCONE","2022/11/02 09:40:17.321","EB8D5B86CBB416E0E0536462F00A1053","FAS08.STUDENT","OTHER","NONE","N","PRDNUMYYFY","SEP_DASH","N","1","","","1-20",""
"M_1506422991823","M_1506422991823","Award budgetary control calendar","N","0","1","2019/07/01","2017/07/01","COMMITMENT","N","","","","","","2017/09/26 10:49:51.830028","claudia.monet","2022/11/02 09:40:17.322","EB8D5B86CBB416E0E0536462F00A1053","FAS08.STUDENT","OTHER","NONE","N","PRDNUMYYFY","SEP_DASH","N","1","","","1-17",""
"S_1586513543508","S_1586513543508","Single period budgetary control calendar","N","0","1","2019/10/01","2019/10/01","COMMITMENT","N","","","","","","2020/04/10 10:12:23.510212","brock.phillips","2022/11/02 09:40:17.322","EB8D5B86CBB416E0E0536462F00A1053","FAS08.STUDENT","OTHER","NONE","N","PRDNUMYYFY","SEP_DASH","N","1","","","1-19",""
