<?xml version="1.0" encoding="UTF-8"?>
<java version="1.8.0_192" class="java.beans.XMLDecoder">
 <object class="eDynamo.classes.T_GPS_ROLE_OBJECT" id="T_GPS_ROLE_OBJECT0">
  <void class="eDynamo.classes.T_GPS_ROLE_OBJECT" method="getField">
   <string>APPLICATION_NAME</string>
   <void method="set">
    <object idref="T_GPS_ROLE_OBJECT0"/>
    <string>Application Object Migrator</string>
   </void>
  </void>
  <void class="eDynamo.classes.T_GPS_ROLE_OBJECT" method="getField">
   <string>VIEWER_INSTANCE_NAME</string>
   <void method="set">
    <object idref="T_GPS_ROLE_OBJECT0"/>
    <string>Task Level Comparison Report</string>
   </void>
  </void>
  <void class="eDynamo.classes.T_GPS_ROLE_OBJECT" method="getField">
   <string>VIEWERSET_ID</string>
   <void method="set">
    <object idref="T_GPS_ROLE_OBJECT0"/>
    <double>1072.0</double>
   </void>
  </void>
  <void class="eDynamo.classes.T_GPS_ROLE_OBJECT" method="getField">
   <string>VIEWERSET_NAME</string>
   <void method="set">
    <object idref="T_GPS_ROLE_OBJECT0"/>
    <string>Reports</string>
   </void>
  </void>
  <void class="eDynamo.classes.T_GPS_ROLE_OBJECT" method="getField">
   <string>VIEWER_INSTANCE_ID</string>
   <void method="set">
    <object idref="T_GPS_ROLE_OBJECT0"/>
    <double>22009.0</double>
   </void>
  </void>
  <void class="eDynamo.classes.T_GPS_ROLE_OBJECT" method="getField">
   <string>t_gps_role_applications</string>
   <void method="set">
    <object idref="T_GPS_ROLE_OBJECT0"/>
    <array class="eDynamo.classes.T_GPS_ROLE_APPLICATIONS" length="2">
     <void index="0">
      <object class="eDynamo.classes.T_GPS_ROLE_APPLICATIONS" id="T_GPS_ROLE_APPLICATIONS0">
       <void class="eDynamo.classes.T_GPS_ROLE_APPLICATIONS" method="getField">
        <string>ROLE_APP_ID</string>
        <void method="set">
         <object idref="T_GPS_ROLE_APPLICATIONS0"/>
         <double>164049.0</double>
        </void>
       </void>
       <void class="eDynamo.classes.T_GPS_ROLE_APPLICATIONS" method="getField">
        <string>ROLE_ID</string>
        <void method="set">
         <object idref="T_GPS_ROLE_APPLICATIONS0"/>
         <double>19767.0</double>
        </void>
       </void>
       <void class="eDynamo.classes.T_GPS_ROLE_APPLICATIONS" method="getField">
        <string>ROLE_NAME</string>
        <void method="set">
         <object idref="T_GPS_ROLE_APPLICATIONS0"/>
         <string>Khusboo</string>
        </void>
       </void>
       <void class="eDynamo.classes.T_GPS_ROLE_APPLICATIONS" method="getField">
        <string>t_gps_role_viewer_sets</string>
        <void method="set">
         <object idref="T_GPS_ROLE_APPLICATIONS0"/>
         <array class="eDynamo.classes.T_GPS_ROLE_VIEWER_SETS" length="4">
          <void index="1">
           <object class="eDynamo.classes.T_GPS_ROLE_VIEWER_SETS" id="T_GPS_ROLE_VIEWER_SETS0">
            <void class="eDynamo.classes.T_GPS_ROLE_VIEWER_SETS" method="getField">
             <string>ROLE_VIEWERSET_ID</string>
             <void method="set">
              <object idref="T_GPS_ROLE_VIEWER_SETS0"/>
              <double>116277.0</double>
             </void>
            </void>
            <void class="eDynamo.classes.T_GPS_ROLE_VIEWER_SETS" method="getField">
             <string>VIEWERSET_ID</string>
             <void method="set">
              <object idref="T_GPS_ROLE_VIEWER_SETS0"/>
              <double>1072.0</double>
             </void>
            </void>
            <void class="eDynamo.classes.T_GPS_ROLE_VIEWER_SETS" method="getField">
             <string>VIEWERSET_NAME</string>
             <void method="set">
              <object idref="T_GPS_ROLE_VIEWER_SETS0"/>
              <string>Reports</string>
             </void>
            </void>
            <void class="eDynamo.classes.T_GPS_ROLE_VIEWER_SETS" method="getField">
             <string>t_gps_role_viewer_instances</string>
             <void method="set">
              <object idref="T_GPS_ROLE_VIEWER_SETS0"/>
              <array class="eDynamo.classes.T_GPS_ROLE_VIEWER_INSTANCES" length="36">
               <void index="33">
                <object class="eDynamo.classes.T_GPS_ROLE_VIEWER_INSTANCES" id="T_GPS_ROLE_VIEWER_INSTANCES0">
                 <void class="eDynamo.classes.T_GPS_ROLE_VIEWER_INSTANCES" method="getField">
                  <string>VIEWER_INSTANCE_NAME</string>
                  <void method="set">
                   <object idref="T_GPS_ROLE_VIEWER_INSTANCES0"/>
                   <string>Task Level Comparison Report</string>
                  </void>
                 </void>
                </object>
               </void>
              </array>
             </void>
            </void>
           </object>
          </void>
         </array>
        </void>
       </void>
       <void class="eDynamo.classes.T_GPS_ROLE_APPLICATIONS" method="getField">
        <string>t_gps_menuconfig</string>
        <void method="set">
         <object idref="T_GPS_ROLE_APPLICATIONS0"/>
         <array class="eDynamo.classes.T_GPS_MENUCONFIG" length="64">
          <void index="0">
           <object class="eDynamo.classes.T_GPS_MENUCONFIG" id="T_GPS_MENUCONFIG0">
            <void class="eDynamo.classes.T_GPS_MENUCONFIG" method="getField">
             <string>modeId</string>
             <void method="set">
              <object idref="T_GPS_MENUCONFIG0"/>
              <double>0.0</double>
             </void>
            </void>
            <void class="eDynamo.classes.T_GPS_MENUCONFIG" method="getField">
             <string>MENU_NAME</string>
             <void method="set">
              <object idref="T_GPS_MENUCONFIG0"/>
              <string>User</string>
             </void>
            </void>
           </object>
          </void>
          <void index="1">
           <object class="eDynamo.classes.T_GPS_MENUCONFIG" id="T_GPS_MENUCONFIG1">
            <void class="eDynamo.classes.T_GPS_MENUCONFIG" method="getField">
             <string>modeId</string>
             <void method="set">
              <object idref="T_GPS_MENUCONFIG1"/>
              <double>0.0</double>
             </void>
            </void>
            <void class="eDynamo.classes.T_GPS_MENUCONFIG" method="getField">
             <string>MENU_NAME</string>
             <void method="set">
              <object idref="T_GPS_MENUCONFIG1"/>
              <string>Preferences</string>
             </void>
            </void>
           </object>
          </void>
          <void index="2">
           <object class="eDynamo.classes.T_GPS_MENUCONFIG" id="T_GPS_MENUCONFIG2">
            <void class="eDynamo.classes.T_GPS_MENUCONFIG" method="getField">
             <string>modeId</string>
             <void method="set">
              <object idref="T_GPS_MENUCONFIG2"/>
              <double>0.0</double>
             </void>
            </void>
            <void class="eDynamo.classes.T_GPS_MENUCONFIG" method="getField">
             <string>MENU_NAME</string>
             <void method="set">
              <object idref="T_GPS_MENUCONFIG2"/>
              <string>Exit</string>
             </void>
            </void>
           </object>
          </void>
          <void index="3">
           <object class="eDynamo.classes.T_GPS_MENUCONFIG" id="T_GPS_MENUCONFIG3">
            <void class="eDynamo.classes.T_GPS_MENUCONFIG" method="getField">
             <string>modeId</string>
             <void method="set">
              <object idref="T_GPS_MENUCONFIG3"/>
              <double>0.0</double>
             </void>
            </void>
            <void class="eDynamo.classes.T_GPS_MENUCONFIG" method="getField">
             <string>MENU_NAME</string>
             <void method="set">
              <object idref="T_GPS_MENUCONFIG3"/>
              <string>Edit</string>
             </void>
            </void>
           </object>
          </void>
          <void index="4">
           <object class="eDynamo.classes.T_GPS_MENUCONFIG" id="T_GPS_MENUCONFIG4">
            <void class="eDynamo.classes.T_GPS_MENUCONFIG" method="getField">
             <string>modeId</string>
             <void method="set">
              <object idref="T_GPS_MENUCONFIG4"/>
              <double>0.0</double>
             </void>
            </void>
            <void class="eDynamo.classes.T_GPS_MENUCONFIG" method="getField">
             <string>MENU_NAME</string>
             <void method="set">
              <object idref="T_GPS_MENUCONFIG4"/>
              <string>Clear</string>
             </void>
            </void>
           </object>
          </void>
          <void index="5">
           <object class="eDynamo.classes.T_GPS_MENUCONFIG" id="T_GPS_MENUCONFIG5">
            <void class="eDynamo.classes.T_GPS_MENUCONFIG" method="getField">
             <string>modeId</string>
             <void method="set">
              <object idref="T_GPS_MENUCONFIG5"/>
              <double>0.0</double>
             </void>
            </void>
            <void class="eDynamo.classes.T_GPS_MENUCONFIG" method="getField">
             <string>MENU_NAME</string>
             <void method="set">
              <object idref="T_GPS_MENUCONFIG5"/>
              <string>Action</string>
             </void>
            </void>
           </object>
          </void>
          <void index="6">
           <object class="eDynamo.classes.T_GPS_MENUCONFIG" id="T_GPS_MENUCONFIG6">
            <void class="eDynamo.classes.T_GPS_MENUCONFIG" method="getField">
             <string>modeId</string>
             <void method="set">
              <object idref="T_GPS_MENUCONFIG6"/>
              <double>0.0</double>
             </void>
            </void>
            <void class="eDynamo.classes.T_GPS_MENUCONFIG" method="getField">
             <string>MENU_NAME</string>
             <void method="set">
              <object idref="T_GPS_MENUCONFIG6"/>
              <string>Build</string>
             </void>
            </void>
           </object>
          </void>
          <void index="7">
           <object class="eDynamo.classes.T_GPS_MENUCONFIG" id="T_GPS_MENUCONFIG7">
            <void class="eDynamo.classes.T_GPS_MENUCONFIG" method="getField">
             <string>modeId</string>
             <void method="set">
              <object idref="T_GPS_MENUCONFIG7"/>
              <double>0.0</double>
             </void>
            </void>
            <void class="eDynamo.classes.T_GPS_MENUCONFIG" method="getField">
             <string>MENU_NAME</string>
             <void method="set">
              <object idref="T_GPS_MENUCONFIG7"/>
              <string>Query</string>
             </void>
            </void>
           </object>
          </void>
          <void index="8">
           <object class="eDynamo.classes.T_GPS_MENUCONFIG" id="T_GPS_MENUCONFIG8">
            <void class="eDynamo.classes.T_GPS_MENUCONFIG" method="getField">
             <string>modeId</string>
             <void method="set">
              <object idref="T_GPS_MENUCONFIG8"/>
              <double>0.0</double>
             </void>
            </void>
            <void class="eDynamo.classes.T_GPS_MENUCONFIG" method="getField">
             <string>MENU_NAME</string>
             <void method="set">
              <object idref="T_GPS_MENUCONFIG8"/>
              <string>Update Model</string>
             </void>
            </void>
           </object>
          </void>
          <void index="9">
           <object class="eDynamo.classes.T_GPS_MENUCONFIG" id="T_GPS_MENUCONFIG9">
            <void class="eDynamo.classes.T_GPS_MENUCONFIG" method="getField">
             <string>modeId</string>
             <void method="set">
              <object idref="T_GPS_MENUCONFIG9"/>
              <double>0.0</double>
             </void>
            </void>
            <void class="eDynamo.classes.T_GPS_MENUCONFIG" method="getField">
             <string>MENU_NAME</string>
             <void method="set">
              <object idref="T_GPS_MENUCONFIG9"/>
              <string>Default Query</string>
             </void>
            </void>
           </object>
          </void>
          <void index="10">
           <object class="eDynamo.classes.T_GPS_MENUCONFIG" id="T_GPS_MENUCONFIG10">
            <void class="eDynamo.classes.T_GPS_MENUCONFIG" method="getField">
             <string>modeId</string>
             <void method="set">
              <object idref="T_GPS_MENUCONFIG10"/>
              <double>0.0</double>
             </void>
            </void>
            <void class="eDynamo.classes.T_GPS_MENUCONFIG" method="getField">
             <string>MENU_NAME</string>
             <void method="set">
              <object idref="T_GPS_MENUCONFIG10"/>
              <string>Default Finish</string>
             </void>
            </void>
           </object>
          </void>
          <void index="11">
           <object class="eDynamo.classes.T_GPS_MENUCONFIG" id="T_GPS_MENUCONFIG11">
            <void class="eDynamo.classes.T_GPS_MENUCONFIG" method="getField">
             <string>modeId</string>
             <void method="set">
              <object idref="T_GPS_MENUCONFIG11"/>
              <double>0.0</double>
             </void>
            </void>
            <void class="eDynamo.classes.T_GPS_MENUCONFIG" method="getField">
             <string>MENU_NAME</string>
             <void method="set">
              <object idref="T_GPS_MENUCONFIG11"/>
              <string>Inactive View</string>
             </void>
            </void>
           </object>
          </void>
          <void index="12">
           <object class="eDynamo.classes.T_GPS_MENUCONFIG" id="T_GPS_MENUCONFIG12">
            <void class="eDynamo.classes.T_GPS_MENUCONFIG" method="getField">
             <string>modeId</string>
             <void method="set">
              <object idref="T_GPS_MENUCONFIG12"/>
              <double>0.0</double>
             </void>
            </void>
            <void class="eDynamo.classes.T_GPS_MENUCONFIG" method="getField">
             <string>MENU_NAME</string>
             <void method="set">
              <object idref="T_GPS_MENUCONFIG12"/>
              <string>Convert</string>
             </void>
            </void>
           </object>
          </void>
          <void index="13">
           <object class="eDynamo.classes.T_GPS_MENUCONFIG" id="T_GPS_MENUCONFIG13">
            <void class="eDynamo.classes.T_GPS_MENUCONFIG" method="getField">
             <string>modeId</string>
             <void method="set">
              <object idref="T_GPS_MENUCONFIG13"/>
              <double>0.0</double>
             </void>
            </void>
            <void class="eDynamo.classes.T_GPS_MENUCONFIG" method="getField">
             <string>MENU_NAME</string>
             <void method="set">
              <object idref="T_GPS_MENUCONFIG13"/>
              <string>Move To--&gt;</string>
             </void>
            </void>
           </object>
          </void>
          <void index="14">
           <object class="eDynamo.classes.T_GPS_MENUCONFIG" id="T_GPS_MENUCONFIG14">
            <void class="eDynamo.classes.T_GPS_MENUCONFIG" method="getField">
             <string>modeId</string>
             <void method="set">
              <object idref="T_GPS_MENUCONFIG14"/>
              <double>0.0</double>
             </void>
            </void>
            <void class="eDynamo.classes.T_GPS_MENUCONFIG" method="getField">
             <string>MENU_NAME</string>
             <void method="set">
              <object idref="T_GPS_MENUCONFIG14"/>
              <string>Execute Operations</string>
             </void>
            </void>
           </object>
          </void>
          <void index="15">
           <object class="eDynamo.classes.T_GPS_MENUCONFIG" id="T_GPS_MENUCONFIG15">
            <void class="eDynamo.classes.T_GPS_MENUCONFIG" method="getField">
             <string>modeId</string>
             <void method="set">
              <object idref="T_GPS_MENUCONFIG15"/>
              <double>0.0</double>
             </void>
            </void>
            <void class="eDynamo.classes.T_GPS_MENUCONFIG" method="getField">
             <string>MENU_NAME</string>
             <void method="set">
              <object idref="T_GPS_MENUCONFIG15"/>
              <string>Move</string>
             </void>
            </void>
           </object>
          </void>
          <void index="16">
           <object class="eDynamo.classes.T_GPS_MENUCONFIG" id="T_GPS_MENUCONFIG16">
            <void class="eDynamo.classes.T_GPS_MENUCONFIG" method="getField">
             <string>modeId</string>
             <void method="set">
              <object idref="T_GPS_MENUCONFIG16"/>
              <double>0.0</double>
             </void>
            </void>
            <void class="eDynamo.classes.T_GPS_MENUCONFIG" method="getField">
             <string>MENU_NAME</string>
             <void method="set">
              <object idref="T_GPS_MENUCONFIG16"/>
              <string>Window</string>
             </void>
            </void>
           </object>
          </void>
          <void index="17">
           <object class="eDynamo.classes.T_GPS_MENUCONFIG" id="T_GPS_MENUCONFIG17">
            <void class="eDynamo.classes.T_GPS_MENUCONFIG" method="getField">
             <string>modeId</string>
             <void method="set">
              <object idref="T_GPS_MENUCONFIG17"/>
              <double>0.0</double>
             </void>
            </void>
            <void class="eDynamo.classes.T_GPS_MENUCONFIG" method="getField">
             <string>MENU_NAME</string>
             <void method="set">
              <object idref="T_GPS_MENUCONFIG17"/>
              <string>Vertical</string>
             </void>
            </void>
           </object>
          </void>
          <void index="18">
           <object class="eDynamo.classes.T_GPS_MENUCONFIG" id="T_GPS_MENUCONFIG18">
            <void class="eDynamo.classes.T_GPS_MENUCONFIG" method="getField">
             <string>modeId</string>
             <void method="set">
              <object idref="T_GPS_MENUCONFIG18"/>
              <double>0.0</double>
             </void>
            </void>
            <void class="eDynamo.classes.T_GPS_MENUCONFIG" method="getField">
             <string>MENU_NAME</string>
             <void method="set">
              <object idref="T_GPS_MENUCONFIG18"/>
              <string>Horizontal</string>
             </void>
            </void>
           </object>
          </void>
          <void index="19">
           <object class="eDynamo.classes.T_GPS_MENUCONFIG" id="T_GPS_MENUCONFIG19">
            <void class="eDynamo.classes.T_GPS_MENUCONFIG" method="getField">
             <string>modeId</string>
             <void method="set">
              <object idref="T_GPS_MENUCONFIG19"/>
              <double>0.0</double>
             </void>
            </void>
            <void class="eDynamo.classes.T_GPS_MENUCONFIG" method="getField">
             <string>MENU_NAME</string>
             <void method="set">
              <object idref="T_GPS_MENUCONFIG19"/>
              <string>Tile</string>
             </void>
            </void>
           </object>
          </void>
          <void index="20">
           <object class="eDynamo.classes.T_GPS_MENUCONFIG" id="T_GPS_MENUCONFIG20">
            <void class="eDynamo.classes.T_GPS_MENUCONFIG" method="getField">
             <string>modeId</string>
             <void method="set">
              <object idref="T_GPS_MENUCONFIG20"/>
              <double>0.0</double>
             </void>
            </void>
            <void class="eDynamo.classes.T_GPS_MENUCONFIG" method="getField">
             <string>MENU_NAME</string>
             <void method="set">
              <object idref="T_GPS_MENUCONFIG20"/>
              <string>Cascade</string>
             </void>
            </void>
           </object>
          </void>
          <void index="21">
           <object class="eDynamo.classes.T_GPS_MENUCONFIG" id="T_GPS_MENUCONFIG21">
            <void class="eDynamo.classes.T_GPS_MENUCONFIG" method="getField">
             <string>modeId</string>
             <void method="set">
              <object idref="T_GPS_MENUCONFIG21"/>
              <double>0.0</double>
             </void>
            </void>
            <void class="eDynamo.classes.T_GPS_MENUCONFIG" method="getField">
             <string>MENU_NAME</string>
             <void method="set">
              <object idref="T_GPS_MENUCONFIG21"/>
              <string>Help</string>
             </void>
            </void>
           </object>
          </void>
          <void index="22">
           <object class="eDynamo.classes.T_GPS_MENUCONFIG" id="T_GPS_MENUCONFIG22">
            <void class="eDynamo.classes.T_GPS_MENUCONFIG" method="getField">
             <string>modeId</string>
             <void method="set">
              <object idref="T_GPS_MENUCONFIG22"/>
              <double>0.0</double>
             </void>
            </void>
            <void class="eDynamo.classes.T_GPS_MENUCONFIG" method="getField">
             <string>MENU_NAME</string>
             <void method="set">
              <object idref="T_GPS_MENUCONFIG22"/>
              <string>User Guide</string>
             </void>
            </void>
           </object>
          </void>
          <void index="23">
           <object class="eDynamo.classes.T_GPS_MENUCONFIG" id="T_GPS_MENUCONFIG23">
            <void class="eDynamo.classes.T_GPS_MENUCONFIG" method="getField">
             <string>modeId</string>
             <void method="set">
              <object idref="T_GPS_MENUCONFIG23"/>
              <double>0.0</double>
             </void>
            </void>
            <void class="eDynamo.classes.T_GPS_MENUCONFIG" method="getField">
             <string>MENU_NAME</string>
             <void method="set">
              <object idref="T_GPS_MENUCONFIG23"/>
              <string>Support</string>
             </void>
            </void>
           </object>
          </void>
          <void index="24">
           <object class="eDynamo.classes.T_GPS_MENUCONFIG" id="T_GPS_MENUCONFIG24">
            <void class="eDynamo.classes.T_GPS_MENUCONFIG" method="getField">
             <string>modeId</string>
             <void method="set">
              <object idref="T_GPS_MENUCONFIG24"/>
              <double>1.0</double>
             </void>
            </void>
            <void class="eDynamo.classes.T_GPS_MENUCONFIG" method="getField">
             <string>MENU_NAME</string>
             <void method="set">
              <object idref="T_GPS_MENUCONFIG24"/>
              <string>User</string>
             </void>
            </void>
           </object>
          </void>
          <void index="25">
           <object class="eDynamo.classes.T_GPS_MENUCONFIG" id="T_GPS_MENUCONFIG25">
            <void class="eDynamo.classes.T_GPS_MENUCONFIG" method="getField">
             <string>modeId</string>
             <void method="set">
              <object idref="T_GPS_MENUCONFIG25"/>
              <double>1.0</double>
             </void>
            </void>
            <void class="eDynamo.classes.T_GPS_MENUCONFIG" method="getField">
             <string>MENU_NAME</string>
             <void method="set">
              <object idref="T_GPS_MENUCONFIG25"/>
              <string>Preferences</string>
             </void>
            </void>
           </object>
          </void>
          <void index="26">
           <object class="eDynamo.classes.T_GPS_MENUCONFIG" id="T_GPS_MENUCONFIG26">
            <void class="eDynamo.classes.T_GPS_MENUCONFIG" method="getField">
             <string>modeId</string>
             <void method="set">
              <object idref="T_GPS_MENUCONFIG26"/>
              <double>1.0</double>
             </void>
            </void>
            <void class="eDynamo.classes.T_GPS_MENUCONFIG" method="getField">
             <string>MENU_NAME</string>
             <void method="set">
              <object idref="T_GPS_MENUCONFIG26"/>
              <string>Exit</string>
             </void>
            </void>
           </object>
          </void>
          <void index="27">
           <object class="eDynamo.classes.T_GPS_MENUCONFIG" id="T_GPS_MENUCONFIG27">
            <void class="eDynamo.classes.T_GPS_MENUCONFIG" method="getField">
             <string>modeId</string>
             <void method="set">
              <object idref="T_GPS_MENUCONFIG27"/>
              <double>1.0</double>
             </void>
            </void>
            <void class="eDynamo.classes.T_GPS_MENUCONFIG" method="getField">
             <string>MENU_NAME</string>
             <void method="set">
              <object idref="T_GPS_MENUCONFIG27"/>
              <string>View</string>
             </void>
            </void>
           </object>
          </void>
          <void index="28">
           <object class="eDynamo.classes.T_GPS_MENUCONFIG" id="T_GPS_MENUCONFIG28">
            <void class="eDynamo.classes.T_GPS_MENUCONFIG" method="getField">
             <string>modeId</string>
             <void method="set">
              <object idref="T_GPS_MENUCONFIG28"/>
              <double>1.0</double>
             </void>
            </void>
            <void class="eDynamo.classes.T_GPS_MENUCONFIG" method="getField">
             <string>MENU_NAME</string>
             <void method="set">
              <object idref="T_GPS_MENUCONFIG28"/>
              <string>Clear</string>
             </void>
            </void>
           </object>
          </void>
          <void index="29">
           <object class="eDynamo.classes.T_GPS_MENUCONFIG" id="T_GPS_MENUCONFIG29">
            <void class="eDynamo.classes.T_GPS_MENUCONFIG" method="getField">
             <string>modeId</string>
             <void method="set">
              <object idref="T_GPS_MENUCONFIG29"/>
              <double>1.0</double>
             </void>
            </void>
            <void class="eDynamo.classes.T_GPS_MENUCONFIG" method="getField">
             <string>MENU_NAME</string>
             <void method="set">
              <object idref="T_GPS_MENUCONFIG29"/>
              <string>Open</string>
             </void>
            </void>
           </object>
          </void>
          <void index="30">
           <object class="eDynamo.classes.T_GPS_MENUCONFIG" id="T_GPS_MENUCONFIG30">
            <void class="eDynamo.classes.T_GPS_MENUCONFIG" method="getField">
             <string>modeId</string>
             <void method="set">
              <object idref="T_GPS_MENUCONFIG30"/>
              <double>1.0</double>
             </void>
            </void>
            <void class="eDynamo.classes.T_GPS_MENUCONFIG" method="getField">
             <string>MENU_NAME</string>
             <void method="set">
              <object idref="T_GPS_MENUCONFIG30"/>
              <string>Save</string>
             </void>
            </void>
           </object>
          </void>
          <void index="31">
           <object class="eDynamo.classes.T_GPS_MENUCONFIG" id="T_GPS_MENUCONFIG31">
            <void class="eDynamo.classes.T_GPS_MENUCONFIG" method="getField">
             <string>modeId</string>
             <void method="set">
              <object idref="T_GPS_MENUCONFIG31"/>
              <double>1.0</double>
             </void>
            </void>
            <void class="eDynamo.classes.T_GPS_MENUCONFIG" method="getField">
             <string>MENU_NAME</string>
             <void method="set">
              <object idref="T_GPS_MENUCONFIG31"/>
              <string>Refresh</string>
             </void>
            </void>
           </object>
          </void>
          <void index="32">
           <object class="eDynamo.classes.T_GPS_MENUCONFIG" id="T_GPS_MENUCONFIG32">
            <void class="eDynamo.classes.T_GPS_MENUCONFIG" method="getField">
             <string>modeId</string>
             <void method="set">
              <object idref="T_GPS_MENUCONFIG32"/>
              <double>1.0</double>
             </void>
            </void>
            <void class="eDynamo.classes.T_GPS_MENUCONFIG" method="getField">
             <string>MENU_NAME</string>
             <void method="set">
              <object idref="T_GPS_MENUCONFIG32"/>
              <string>Record View</string>
             </void>
            </void>
           </object>
          </void>
          <void index="33">
           <object class="eDynamo.classes.T_GPS_MENUCONFIG" id="T_GPS_MENUCONFIG33">
            <void class="eDynamo.classes.T_GPS_MENUCONFIG" method="getField">
             <string>modeId</string>
             <void method="set">
              <object idref="T_GPS_MENUCONFIG33"/>
              <double>1.0</double>
             </void>
            </void>
            <void class="eDynamo.classes.T_GPS_MENUCONFIG" method="getField">
             <string>MENU_NAME</string>
             <void method="set">
              <object idref="T_GPS_MENUCONFIG33"/>
              <string>Find</string>
             </void>
            </void>
           </object>
          </void>
          <void index="34">
           <object class="eDynamo.classes.T_GPS_MENUCONFIG" id="T_GPS_MENUCONFIG34">
            <void class="eDynamo.classes.T_GPS_MENUCONFIG" method="getField">
             <string>modeId</string>
             <void method="set">
              <object idref="T_GPS_MENUCONFIG34"/>
              <double>1.0</double>
             </void>
            </void>
            <void class="eDynamo.classes.T_GPS_MENUCONFIG" method="getField">
             <string>MENU_NAME</string>
             <void method="set">
              <object idref="T_GPS_MENUCONFIG34"/>
              <string>Format</string>
             </void>
            </void>
           </object>
          </void>
          <void index="35">
           <object class="eDynamo.classes.T_GPS_MENUCONFIG" id="T_GPS_MENUCONFIG35">
            <void class="eDynamo.classes.T_GPS_MENUCONFIG" method="getField">
             <string>modeId</string>
             <void method="set">
              <object idref="T_GPS_MENUCONFIG35"/>
              <double>1.0</double>
             </void>
            </void>
            <void class="eDynamo.classes.T_GPS_MENUCONFIG" method="getField">
             <string>MENU_NAME</string>
             <void method="set">
              <object idref="T_GPS_MENUCONFIG35"/>
              <string>Text</string>
             </void>
            </void>
           </object>
          </void>
          <void index="36">
           <object class="eDynamo.classes.T_GPS_MENUCONFIG" id="T_GPS_MENUCONFIG36">
            <void class="eDynamo.classes.T_GPS_MENUCONFIG" method="getField">
             <string>modeId</string>
             <void method="set">
              <object idref="T_GPS_MENUCONFIG36"/>
              <double>1.0</double>
             </void>
            </void>
            <void class="eDynamo.classes.T_GPS_MENUCONFIG" method="getField">
             <string>MENU_NAME</string>
             <void method="set">
              <object idref="T_GPS_MENUCONFIG36"/>
              <string>Font</string>
             </void>
            </void>
           </object>
          </void>
          <void index="37">
           <object class="eDynamo.classes.T_GPS_MENUCONFIG" id="T_GPS_MENUCONFIG37">
            <void class="eDynamo.classes.T_GPS_MENUCONFIG" method="getField">
             <string>modeId</string>
             <void method="set">
              <object idref="T_GPS_MENUCONFIG37"/>
              <double>1.0</double>
             </void>
            </void>
            <void class="eDynamo.classes.T_GPS_MENUCONFIG" method="getField">
             <string>MENU_NAME</string>
             <void method="set">
              <object idref="T_GPS_MENUCONFIG37"/>
              <string>Bold</string>
             </void>
            </void>
           </object>
          </void>
          <void index="38">
           <object class="eDynamo.classes.T_GPS_MENUCONFIG" id="T_GPS_MENUCONFIG38">
            <void class="eDynamo.classes.T_GPS_MENUCONFIG" method="getField">
             <string>modeId</string>
             <void method="set">
              <object idref="T_GPS_MENUCONFIG38"/>
              <double>1.0</double>
             </void>
            </void>
            <void class="eDynamo.classes.T_GPS_MENUCONFIG" method="getField">
             <string>MENU_NAME</string>
             <void method="set">
              <object idref="T_GPS_MENUCONFIG38"/>
              <string>Italic</string>
             </void>
            </void>
           </object>
          </void>
          <void index="39">
           <object class="eDynamo.classes.T_GPS_MENUCONFIG" id="T_GPS_MENUCONFIG39">
            <void class="eDynamo.classes.T_GPS_MENUCONFIG" method="getField">
             <string>modeId</string>
             <void method="set">
              <object idref="T_GPS_MENUCONFIG39"/>
              <double>1.0</double>
             </void>
            </void>
            <void class="eDynamo.classes.T_GPS_MENUCONFIG" method="getField">
             <string>MENU_NAME</string>
             <void method="set">
              <object idref="T_GPS_MENUCONFIG39"/>
              <string>Foreground Color</string>
             </void>
            </void>
           </object>
          </void>
          <void index="40">
           <object class="eDynamo.classes.T_GPS_MENUCONFIG" id="T_GPS_MENUCONFIG40">
            <void class="eDynamo.classes.T_GPS_MENUCONFIG" method="getField">
             <string>modeId</string>
             <void method="set">
              <object idref="T_GPS_MENUCONFIG40"/>
              <double>1.0</double>
             </void>
            </void>
            <void class="eDynamo.classes.T_GPS_MENUCONFIG" method="getField">
             <string>MENU_NAME</string>
             <void method="set">
              <object idref="T_GPS_MENUCONFIG40"/>
              <string>Background Color</string>
             </void>
            </void>
           </object>
          </void>
          <void index="41">
           <object class="eDynamo.classes.T_GPS_MENUCONFIG" id="T_GPS_MENUCONFIG41">
            <void class="eDynamo.classes.T_GPS_MENUCONFIG" method="getField">
             <string>modeId</string>
             <void method="set">
              <object idref="T_GPS_MENUCONFIG41"/>
              <double>1.0</double>
             </void>
            </void>
            <void class="eDynamo.classes.T_GPS_MENUCONFIG" method="getField">
             <string>MENU_NAME</string>
             <void method="set">
              <object idref="T_GPS_MENUCONFIG41"/>
              <string>Date</string>
             </void>
            </void>
           </object>
          </void>
          <void index="42">
           <object class="eDynamo.classes.T_GPS_MENUCONFIG" id="T_GPS_MENUCONFIG42">
            <void class="eDynamo.classes.T_GPS_MENUCONFIG" method="getField">
             <string>modeId</string>
             <void method="set">
              <object idref="T_GPS_MENUCONFIG42"/>
              <double>1.0</double>
             </void>
            </void>
            <void class="eDynamo.classes.T_GPS_MENUCONFIG" method="getField">
             <string>MENU_NAME</string>
             <void method="set">
              <object idref="T_GPS_MENUCONFIG42"/>
              <string>Column Hide/Order</string>
             </void>
            </void>
           </object>
          </void>
          <void index="43">
           <object class="eDynamo.classes.T_GPS_MENUCONFIG" id="T_GPS_MENUCONFIG43">
            <void class="eDynamo.classes.T_GPS_MENUCONFIG" method="getField">
             <string>modeId</string>
             <void method="set">
              <object idref="T_GPS_MENUCONFIG43"/>
              <double>1.0</double>
             </void>
            </void>
            <void class="eDynamo.classes.T_GPS_MENUCONFIG" method="getField">
             <string>MENU_NAME</string>
             <void method="set">
              <object idref="T_GPS_MENUCONFIG43"/>
              <string>Column Sort</string>
             </void>
            </void>
           </object>
          </void>
          <void index="44">
           <object class="eDynamo.classes.T_GPS_MENUCONFIG" id="T_GPS_MENUCONFIG44">
            <void class="eDynamo.classes.T_GPS_MENUCONFIG" method="getField">
             <string>modeId</string>
             <void method="set">
              <object idref="T_GPS_MENUCONFIG44"/>
              <double>1.0</double>
             </void>
            </void>
            <void class="eDynamo.classes.T_GPS_MENUCONFIG" method="getField">
             <string>MENU_NAME</string>
             <void method="set">
              <object idref="T_GPS_MENUCONFIG44"/>
              <string>Pivot</string>
             </void>
            </void>
           </object>
          </void>
          <void index="45">
           <object class="eDynamo.classes.T_GPS_MENUCONFIG" id="T_GPS_MENUCONFIG45">
            <void class="eDynamo.classes.T_GPS_MENUCONFIG" method="getField">
             <string>modeId</string>
             <void method="set">
              <object idref="T_GPS_MENUCONFIG45"/>
              <double>1.0</double>
             </void>
            </void>
            <void class="eDynamo.classes.T_GPS_MENUCONFIG" method="getField">
             <string>MENU_NAME</string>
             <void method="set">
              <object idref="T_GPS_MENUCONFIG45"/>
              <string>Tools</string>
             </void>
            </void>
           </object>
          </void>
          <void index="46">
           <object class="eDynamo.classes.T_GPS_MENUCONFIG" id="T_GPS_MENUCONFIG46">
            <void class="eDynamo.classes.T_GPS_MENUCONFIG" method="getField">
             <string>modeId</string>
             <void method="set">
              <object idref="T_GPS_MENUCONFIG46"/>
              <double>1.0</double>
             </void>
            </void>
            <void class="eDynamo.classes.T_GPS_MENUCONFIG" method="getField">
             <string>MENU_NAME</string>
             <void method="set">
              <object idref="T_GPS_MENUCONFIG46"/>
              <string>Export</string>
             </void>
            </void>
           </object>
          </void>
          <void index="47">
           <object class="eDynamo.classes.T_GPS_MENUCONFIG" id="T_GPS_MENUCONFIG47">
            <void class="eDynamo.classes.T_GPS_MENUCONFIG" method="getField">
             <string>modeId</string>
             <void method="set">
              <object idref="T_GPS_MENUCONFIG47"/>
              <double>1.0</double>
             </void>
            </void>
            <void class="eDynamo.classes.T_GPS_MENUCONFIG" method="getField">
             <string>MENU_NAME</string>
             <void method="set">
              <object idref="T_GPS_MENUCONFIG47"/>
              <string>Query</string>
             </void>
            </void>
           </object>
          </void>
          <void index="48">
           <object class="eDynamo.classes.T_GPS_MENUCONFIG" id="T_GPS_MENUCONFIG48">
            <void class="eDynamo.classes.T_GPS_MENUCONFIG" method="getField">
             <string>modeId</string>
             <void method="set">
              <object idref="T_GPS_MENUCONFIG48"/>
              <double>1.0</double>
             </void>
            </void>
            <void class="eDynamo.classes.T_GPS_MENUCONFIG" method="getField">
             <string>MENU_NAME</string>
             <void method="set">
              <object idref="T_GPS_MENUCONFIG48"/>
              <string>Conditions</string>
             </void>
            </void>
           </object>
          </void>
          <void index="49">
           <object class="eDynamo.classes.T_GPS_MENUCONFIG" id="T_GPS_MENUCONFIG49">
            <void class="eDynamo.classes.T_GPS_MENUCONFIG" method="getField">
             <string>modeId</string>
             <void method="set">
              <object idref="T_GPS_MENUCONFIG49"/>
              <double>1.0</double>
             </void>
            </void>
            <void class="eDynamo.classes.T_GPS_MENUCONFIG" method="getField">
             <string>MENU_NAME</string>
             <void method="set">
              <object idref="T_GPS_MENUCONFIG49"/>
              <string>Freeze Panes</string>
             </void>
            </void>
           </object>
          </void>
          <void index="50">
           <object class="eDynamo.classes.T_GPS_MENUCONFIG" id="T_GPS_MENUCONFIG50">
            <void class="eDynamo.classes.T_GPS_MENUCONFIG" method="getField">
             <string>modeId</string>
             <void method="set">
              <object idref="T_GPS_MENUCONFIG50"/>
              <double>1.0</double>
             </void>
            </void>
            <void class="eDynamo.classes.T_GPS_MENUCONFIG" method="getField">
             <string>MENU_NAME</string>
             <void method="set">
              <object idref="T_GPS_MENUCONFIG50"/>
              <string>Update</string>
             </void>
            </void>
           </object>
          </void>
          <void index="51">
           <object class="eDynamo.classes.T_GPS_MENUCONFIG" id="T_GPS_MENUCONFIG51">
            <void class="eDynamo.classes.T_GPS_MENUCONFIG" method="getField">
             <string>modeId</string>
             <void method="set">
              <object idref="T_GPS_MENUCONFIG51"/>
              <double>1.0</double>
             </void>
            </void>
            <void class="eDynamo.classes.T_GPS_MENUCONFIG" method="getField">
             <string>MENU_NAME</string>
             <void method="set">
              <object idref="T_GPS_MENUCONFIG51"/>
              <string>Add New Record</string>
             </void>
            </void>
           </object>
          </void>
          <void index="52">
           <object class="eDynamo.classes.T_GPS_MENUCONFIG" id="T_GPS_MENUCONFIG52">
            <void class="eDynamo.classes.T_GPS_MENUCONFIG" method="getField">
             <string>modeId</string>
             <void method="set">
              <object idref="T_GPS_MENUCONFIG52"/>
              <double>1.0</double>
             </void>
            </void>
            <void class="eDynamo.classes.T_GPS_MENUCONFIG" method="getField">
             <string>MENU_NAME</string>
             <void method="set">
              <object idref="T_GPS_MENUCONFIG52"/>
              <string>Graphs</string>
             </void>
            </void>
           </object>
          </void>
          <void index="53">
           <object class="eDynamo.classes.T_GPS_MENUCONFIG" id="T_GPS_MENUCONFIG53">
            <void class="eDynamo.classes.T_GPS_MENUCONFIG" method="getField">
             <string>modeId</string>
             <void method="set">
              <object idref="T_GPS_MENUCONFIG53"/>
              <double>1.0</double>
             </void>
            </void>
            <void class="eDynamo.classes.T_GPS_MENUCONFIG" method="getField">
             <string>MENU_NAME</string>
             <void method="set">
              <object idref="T_GPS_MENUCONFIG53"/>
              <string>Mail Configuration</string>
             </void>
            </void>
           </object>
          </void>
          <void index="54">
           <object class="eDynamo.classes.T_GPS_MENUCONFIG" id="T_GPS_MENUCONFIG54">
            <void class="eDynamo.classes.T_GPS_MENUCONFIG" method="getField">
             <string>modeId</string>
             <void method="set">
              <object idref="T_GPS_MENUCONFIG54"/>
              <double>1.0</double>
             </void>
            </void>
            <void class="eDynamo.classes.T_GPS_MENUCONFIG" method="getField">
             <string>MENU_NAME</string>
             <void method="set">
              <object idref="T_GPS_MENUCONFIG54"/>
              <string>Mass Update</string>
             </void>
            </void>
           </object>
          </void>
          <void index="55">
           <object class="eDynamo.classes.T_GPS_MENUCONFIG" id="T_GPS_MENUCONFIG55">
            <void class="eDynamo.classes.T_GPS_MENUCONFIG" method="getField">
             <string>modeId</string>
             <void method="set">
              <object idref="T_GPS_MENUCONFIG55"/>
              <double>1.0</double>
             </void>
            </void>
            <void class="eDynamo.classes.T_GPS_MENUCONFIG" method="getField">
             <string>MENU_NAME</string>
             <void method="set">
              <object idref="T_GPS_MENUCONFIG55"/>
              <string>Window</string>
             </void>
            </void>
           </object>
          </void>
          <void index="56">
           <object class="eDynamo.classes.T_GPS_MENUCONFIG" id="T_GPS_MENUCONFIG56">
            <void class="eDynamo.classes.T_GPS_MENUCONFIG" method="getField">
             <string>modeId</string>
             <void method="set">
              <object idref="T_GPS_MENUCONFIG56"/>
              <double>1.0</double>
             </void>
            </void>
            <void class="eDynamo.classes.T_GPS_MENUCONFIG" method="getField">
             <string>MENU_NAME</string>
             <void method="set">
              <object idref="T_GPS_MENUCONFIG56"/>
              <string>Vertical</string>
             </void>
            </void>
           </object>
          </void>
          <void index="57">
           <object class="eDynamo.classes.T_GPS_MENUCONFIG" id="T_GPS_MENUCONFIG57">
            <void class="eDynamo.classes.T_GPS_MENUCONFIG" method="getField">
             <string>modeId</string>
             <void method="set">
              <object idref="T_GPS_MENUCONFIG57"/>
              <double>1.0</double>
             </void>
            </void>
            <void class="eDynamo.classes.T_GPS_MENUCONFIG" method="getField">
             <string>MENU_NAME</string>
             <void method="set">
              <object idref="T_GPS_MENUCONFIG57"/>
              <string>Horizontal</string>
             </void>
            </void>
           </object>
          </void>
          <void index="58">
           <object class="eDynamo.classes.T_GPS_MENUCONFIG" id="T_GPS_MENUCONFIG58">
            <void class="eDynamo.classes.T_GPS_MENUCONFIG" method="getField">
             <string>modeId</string>
             <void method="set">
              <object idref="T_GPS_MENUCONFIG58"/>
              <double>1.0</double>
             </void>
            </void>
            <void class="eDynamo.classes.T_GPS_MENUCONFIG" method="getField">
             <string>MENU_NAME</string>
             <void method="set">
              <object idref="T_GPS_MENUCONFIG58"/>
              <string>Tile</string>
             </void>
            </void>
           </object>
          </void>
          <void index="59">
           <object class="eDynamo.classes.T_GPS_MENUCONFIG" id="T_GPS_MENUCONFIG59">
            <void class="eDynamo.classes.T_GPS_MENUCONFIG" method="getField">
             <string>modeId</string>
             <void method="set">
              <object idref="T_GPS_MENUCONFIG59"/>
              <double>1.0</double>
             </void>
            </void>
            <void class="eDynamo.classes.T_GPS_MENUCONFIG" method="getField">
             <string>MENU_NAME</string>
             <void method="set">
              <object idref="T_GPS_MENUCONFIG59"/>
              <string>Help</string>
             </void>
            </void>
           </object>
          </void>
          <void index="60">
           <object class="eDynamo.classes.T_GPS_MENUCONFIG" id="T_GPS_MENUCONFIG60">
            <void class="eDynamo.classes.T_GPS_MENUCONFIG" method="getField">
             <string>modeId</string>
             <void method="set">
              <object idref="T_GPS_MENUCONFIG60"/>
              <double>1.0</double>
             </void>
            </void>
            <void class="eDynamo.classes.T_GPS_MENUCONFIG" method="getField">
             <string>MENU_NAME</string>
             <void method="set">
              <object idref="T_GPS_MENUCONFIG60"/>
              <string>User Guide</string>
             </void>
            </void>
           </object>
          </void>
          <void index="61">
           <object class="eDynamo.classes.T_GPS_MENUCONFIG" id="T_GPS_MENUCONFIG61">
            <void class="eDynamo.classes.T_GPS_MENUCONFIG" method="getField">
             <string>modeId</string>
             <void method="set">
              <object idref="T_GPS_MENUCONFIG61"/>
              <double>1.0</double>
             </void>
            </void>
            <void class="eDynamo.classes.T_GPS_MENUCONFIG" method="getField">
             <string>MENU_NAME</string>
             <void method="set">
              <object idref="T_GPS_MENUCONFIG61"/>
              <string>Support</string>
             </void>
            </void>
           </object>
          </void>
          <void index="62">
           <object class="eDynamo.classes.T_GPS_MENUCONFIG" id="T_GPS_MENUCONFIG62">
            <void class="eDynamo.classes.T_GPS_MENUCONFIG" method="getField">
             <string>modeId</string>
             <void method="set">
              <object idref="T_GPS_MENUCONFIG62"/>
              <double>1.0</double>
             </void>
            </void>
            <void class="eDynamo.classes.T_GPS_MENUCONFIG" method="getField">
             <string>MENU_NAME</string>
             <void method="set">
              <object idref="T_GPS_MENUCONFIG62"/>
              <string>About</string>
             </void>
            </void>
           </object>
          </void>
          <void index="63">
           <object class="eDynamo.classes.T_GPS_MENUCONFIG" id="T_GPS_MENUCONFIG63">
            <void class="eDynamo.classes.T_GPS_MENUCONFIG" method="getField">
             <string>modeId</string>
             <void method="set">
              <object idref="T_GPS_MENUCONFIG63"/>
              <double>1.0</double>
             </void>
            </void>
            <void class="eDynamo.classes.T_GPS_MENUCONFIG" method="getField">
             <string>MENU_NAME</string>
             <void method="set">
              <object idref="T_GPS_MENUCONFIG63"/>
              <string>Migration Reports</string>
             </void>
            </void>
           </object>
          </void>
         </array>
        </void>
       </void>
      </object>
     </void>
     <void index="1">
      <object class="eDynamo.classes.T_GPS_ROLE_APPLICATIONS" id="T_GPS_ROLE_APPLICATIONS1">
       <void class="eDynamo.classes.T_GPS_ROLE_APPLICATIONS" method="getField">
        <string>ROLE_APP_ID</string>
        <void method="set">
         <object idref="T_GPS_ROLE_APPLICATIONS1"/>
         <double>164666.0</double>
        </void>
       </void>
       <void class="eDynamo.classes.T_GPS_ROLE_APPLICATIONS" method="getField">
        <string>ROLE_ID</string>
        <void method="set">
         <object idref="T_GPS_ROLE_APPLICATIONS1"/>
         <double>19822.0</double>
        </void>
       </void>
       <void class="eDynamo.classes.T_GPS_ROLE_APPLICATIONS" method="getField">
        <string>ROLE_NAME</string>
        <void method="set">
         <object idref="T_GPS_ROLE_APPLICATIONS1"/>
         <string>Developer</string>
        </void>
       </void>
       <void class="eDynamo.classes.T_GPS_ROLE_APPLICATIONS" method="getField">
        <string>t_gps_role_viewer_sets</string>
        <void method="set">
         <object idref="T_GPS_ROLE_APPLICATIONS1"/>
         <array class="eDynamo.classes.T_GPS_ROLE_VIEWER_SETS" length="4">
          <void index="1">
           <object class="eDynamo.classes.T_GPS_ROLE_VIEWER_SETS" id="T_GPS_ROLE_VIEWER_SETS1">
            <void class="eDynamo.classes.T_GPS_ROLE_VIEWER_SETS" method="getField">
             <string>ROLE_VIEWERSET_ID</string>
             <void method="set">
              <object idref="T_GPS_ROLE_VIEWER_SETS1"/>
              <double>117273.0</double>
             </void>
            </void>
            <void class="eDynamo.classes.T_GPS_ROLE_VIEWER_SETS" method="getField">
             <string>VIEWERSET_ID</string>
             <void method="set">
              <object idref="T_GPS_ROLE_VIEWER_SETS1"/>
              <double>1072.0</double>
             </void>
            </void>
            <void class="eDynamo.classes.T_GPS_ROLE_VIEWER_SETS" method="getField">
             <string>VIEWERSET_NAME</string>
             <void method="set">
              <object idref="T_GPS_ROLE_VIEWER_SETS1"/>
              <string>Reports</string>
             </void>
            </void>
            <void class="eDynamo.classes.T_GPS_ROLE_VIEWER_SETS" method="getField">
             <string>t_gps_role_viewer_instances</string>
             <void method="set">
              <object idref="T_GPS_ROLE_VIEWER_SETS1"/>
              <array class="eDynamo.classes.T_GPS_ROLE_VIEWER_INSTANCES" length="40">
               <void index="37">
                <object class="eDynamo.classes.T_GPS_ROLE_VIEWER_INSTANCES" id="T_GPS_ROLE_VIEWER_INSTANCES1">
                 <void class="eDynamo.classes.T_GPS_ROLE_VIEWER_INSTANCES" method="getField">
                  <string>VIEWER_INSTANCE_NAME</string>
                  <void method="set">
                   <object idref="T_GPS_ROLE_VIEWER_INSTANCES1"/>
                   <string>Task Level Comparison Report</string>
                  </void>
                 </void>
                </object>
               </void>
              </array>
             </void>
            </void>
           </object>
          </void>
         </array>
        </void>
       </void>
       <void class="eDynamo.classes.T_GPS_ROLE_APPLICATIONS" method="getField">
        <string>t_gps_menuconfig</string>
        <void method="set">
         <object idref="T_GPS_ROLE_APPLICATIONS1"/>
         <array class="eDynamo.classes.T_GPS_MENUCONFIG" length="64">
          <void index="0">
           <object class="eDynamo.classes.T_GPS_MENUCONFIG" id="T_GPS_MENUCONFIG64">
            <void class="eDynamo.classes.T_GPS_MENUCONFIG" method="getField">
             <string>modeId</string>
             <void method="set">
              <object idref="T_GPS_MENUCONFIG64"/>
              <double>0.0</double>
             </void>
            </void>
            <void class="eDynamo.classes.T_GPS_MENUCONFIG" method="getField">
             <string>MENU_NAME</string>
             <void method="set">
              <object idref="T_GPS_MENUCONFIG64"/>
              <string>User</string>
             </void>
            </void>
           </object>
          </void>
          <void index="1">
           <object class="eDynamo.classes.T_GPS_MENUCONFIG" id="T_GPS_MENUCONFIG65">
            <void class="eDynamo.classes.T_GPS_MENUCONFIG" method="getField">
             <string>modeId</string>
             <void method="set">
              <object idref="T_GPS_MENUCONFIG65"/>
              <double>0.0</double>
             </void>
            </void>
            <void class="eDynamo.classes.T_GPS_MENUCONFIG" method="getField">
             <string>MENU_NAME</string>
             <void method="set">
              <object idref="T_GPS_MENUCONFIG65"/>
              <string>Preferences</string>
             </void>
            </void>
           </object>
          </void>
          <void index="2">
           <object class="eDynamo.classes.T_GPS_MENUCONFIG" id="T_GPS_MENUCONFIG66">
            <void class="eDynamo.classes.T_GPS_MENUCONFIG" method="getField">
             <string>modeId</string>
             <void method="set">
              <object idref="T_GPS_MENUCONFIG66"/>
              <double>0.0</double>
             </void>
            </void>
            <void class="eDynamo.classes.T_GPS_MENUCONFIG" method="getField">
             <string>MENU_NAME</string>
             <void method="set">
              <object idref="T_GPS_MENUCONFIG66"/>
              <string>Exit</string>
             </void>
            </void>
           </object>
          </void>
          <void index="3">
           <object class="eDynamo.classes.T_GPS_MENUCONFIG" id="T_GPS_MENUCONFIG67">
            <void class="eDynamo.classes.T_GPS_MENUCONFIG" method="getField">
             <string>modeId</string>
             <void method="set">
              <object idref="T_GPS_MENUCONFIG67"/>
              <double>0.0</double>
             </void>
            </void>
            <void class="eDynamo.classes.T_GPS_MENUCONFIG" method="getField">
             <string>MENU_NAME</string>
             <void method="set">
              <object idref="T_GPS_MENUCONFIG67"/>
              <string>Edit</string>
             </void>
            </void>
           </object>
          </void>
          <void index="4">
           <object class="eDynamo.classes.T_GPS_MENUCONFIG" id="T_GPS_MENUCONFIG68">
            <void class="eDynamo.classes.T_GPS_MENUCONFIG" method="getField">
             <string>modeId</string>
             <void method="set">
              <object idref="T_GPS_MENUCONFIG68"/>
              <double>0.0</double>
             </void>
            </void>
            <void class="eDynamo.classes.T_GPS_MENUCONFIG" method="getField">
             <string>MENU_NAME</string>
             <void method="set">
              <object idref="T_GPS_MENUCONFIG68"/>
              <string>Clear</string>
             </void>
            </void>
           </object>
          </void>
          <void index="5">
           <object class="eDynamo.classes.T_GPS_MENUCONFIG" id="T_GPS_MENUCONFIG69">
            <void class="eDynamo.classes.T_GPS_MENUCONFIG" method="getField">
             <string>modeId</string>
             <void method="set">
              <object idref="T_GPS_MENUCONFIG69"/>
              <double>0.0</double>
             </void>
            </void>
            <void class="eDynamo.classes.T_GPS_MENUCONFIG" method="getField">
             <string>MENU_NAME</string>
             <void method="set">
              <object idref="T_GPS_MENUCONFIG69"/>
              <string>Action</string>
             </void>
            </void>
           </object>
          </void>
          <void index="6">
           <object class="eDynamo.classes.T_GPS_MENUCONFIG" id="T_GPS_MENUCONFIG70">
            <void class="eDynamo.classes.T_GPS_MENUCONFIG" method="getField">
             <string>modeId</string>
             <void method="set">
              <object idref="T_GPS_MENUCONFIG70"/>
              <double>0.0</double>
             </void>
            </void>
            <void class="eDynamo.classes.T_GPS_MENUCONFIG" method="getField">
             <string>MENU_NAME</string>
             <void method="set">
              <object idref="T_GPS_MENUCONFIG70"/>
              <string>Build</string>
             </void>
            </void>
           </object>
          </void>
          <void index="7">
           <object class="eDynamo.classes.T_GPS_MENUCONFIG" id="T_GPS_MENUCONFIG71">
            <void class="eDynamo.classes.T_GPS_MENUCONFIG" method="getField">
             <string>modeId</string>
             <void method="set">
              <object idref="T_GPS_MENUCONFIG71"/>
              <double>0.0</double>
             </void>
            </void>
            <void class="eDynamo.classes.T_GPS_MENUCONFIG" method="getField">
             <string>MENU_NAME</string>
             <void method="set">
              <object idref="T_GPS_MENUCONFIG71"/>
              <string>Query</string>
             </void>
            </void>
           </object>
          </void>
          <void index="8">
           <object class="eDynamo.classes.T_GPS_MENUCONFIG" id="T_GPS_MENUCONFIG72">
            <void class="eDynamo.classes.T_GPS_MENUCONFIG" method="getField">
             <string>modeId</string>
             <void method="set">
              <object idref="T_GPS_MENUCONFIG72"/>
              <double>0.0</double>
             </void>
            </void>
            <void class="eDynamo.classes.T_GPS_MENUCONFIG" method="getField">
             <string>MENU_NAME</string>
             <void method="set">
              <object idref="T_GPS_MENUCONFIG72"/>
              <string>Update Model</string>
             </void>
            </void>
           </object>
          </void>
          <void index="9">
           <object class="eDynamo.classes.T_GPS_MENUCONFIG" id="T_GPS_MENUCONFIG73">
            <void class="eDynamo.classes.T_GPS_MENUCONFIG" method="getField">
             <string>modeId</string>
             <void method="set">
              <object idref="T_GPS_MENUCONFIG73"/>
              <double>0.0</double>
             </void>
            </void>
            <void class="eDynamo.classes.T_GPS_MENUCONFIG" method="getField">
             <string>MENU_NAME</string>
             <void method="set">
              <object idref="T_GPS_MENUCONFIG73"/>
              <string>Default Query</string>
             </void>
            </void>
           </object>
          </void>
          <void index="10">
           <object class="eDynamo.classes.T_GPS_MENUCONFIG" id="T_GPS_MENUCONFIG74">
            <void class="eDynamo.classes.T_GPS_MENUCONFIG" method="getField">
             <string>modeId</string>
             <void method="set">
              <object idref="T_GPS_MENUCONFIG74"/>
              <double>0.0</double>
             </void>
            </void>
            <void class="eDynamo.classes.T_GPS_MENUCONFIG" method="getField">
             <string>MENU_NAME</string>
             <void method="set">
              <object idref="T_GPS_MENUCONFIG74"/>
              <string>Default Finish</string>
             </void>
            </void>
           </object>
          </void>
          <void index="11">
           <object class="eDynamo.classes.T_GPS_MENUCONFIG" id="T_GPS_MENUCONFIG75">
            <void class="eDynamo.classes.T_GPS_MENUCONFIG" method="getField">
             <string>modeId</string>
             <void method="set">
              <object idref="T_GPS_MENUCONFIG75"/>
              <double>0.0</double>
             </void>
            </void>
            <void class="eDynamo.classes.T_GPS_MENUCONFIG" method="getField">
             <string>MENU_NAME</string>
             <void method="set">
              <object idref="T_GPS_MENUCONFIG75"/>
              <string>Inactive View</string>
             </void>
            </void>
           </object>
          </void>
          <void index="12">
           <object class="eDynamo.classes.T_GPS_MENUCONFIG" id="T_GPS_MENUCONFIG76">
            <void class="eDynamo.classes.T_GPS_MENUCONFIG" method="getField">
             <string>modeId</string>
             <void method="set">
              <object idref="T_GPS_MENUCONFIG76"/>
              <double>0.0</double>
             </void>
            </void>
            <void class="eDynamo.classes.T_GPS_MENUCONFIG" method="getField">
             <string>MENU_NAME</string>
             <void method="set">
              <object idref="T_GPS_MENUCONFIG76"/>
              <string>Convert</string>
             </void>
            </void>
           </object>
          </void>
          <void index="13">
           <object class="eDynamo.classes.T_GPS_MENUCONFIG" id="T_GPS_MENUCONFIG77">
            <void class="eDynamo.classes.T_GPS_MENUCONFIG" method="getField">
             <string>modeId</string>
             <void method="set">
              <object idref="T_GPS_MENUCONFIG77"/>
              <double>0.0</double>
             </void>
            </void>
            <void class="eDynamo.classes.T_GPS_MENUCONFIG" method="getField">
             <string>MENU_NAME</string>
             <void method="set">
              <object idref="T_GPS_MENUCONFIG77"/>
              <string>Move To--&gt;</string>
             </void>
            </void>
           </object>
          </void>
          <void index="14">
           <object class="eDynamo.classes.T_GPS_MENUCONFIG" id="T_GPS_MENUCONFIG78">
            <void class="eDynamo.classes.T_GPS_MENUCONFIG" method="getField">
             <string>modeId</string>
             <void method="set">
              <object idref="T_GPS_MENUCONFIG78"/>
              <double>0.0</double>
             </void>
            </void>
            <void class="eDynamo.classes.T_GPS_MENUCONFIG" method="getField">
             <string>MENU_NAME</string>
             <void method="set">
              <object idref="T_GPS_MENUCONFIG78"/>
              <string>Execute Operations</string>
             </void>
            </void>
           </object>
          </void>
          <void index="15">
           <object class="eDynamo.classes.T_GPS_MENUCONFIG" id="T_GPS_MENUCONFIG79">
            <void class="eDynamo.classes.T_GPS_MENUCONFIG" method="getField">
             <string>modeId</string>
             <void method="set">
              <object idref="T_GPS_MENUCONFIG79"/>
              <double>0.0</double>
             </void>
            </void>
            <void class="eDynamo.classes.T_GPS_MENUCONFIG" method="getField">
             <string>MENU_NAME</string>
             <void method="set">
              <object idref="T_GPS_MENUCONFIG79"/>
              <string>Move</string>
             </void>
            </void>
           </object>
          </void>
          <void index="16">
           <object class="eDynamo.classes.T_GPS_MENUCONFIG" id="T_GPS_MENUCONFIG80">
            <void class="eDynamo.classes.T_GPS_MENUCONFIG" method="getField">
             <string>modeId</string>
             <void method="set">
              <object idref="T_GPS_MENUCONFIG80"/>
              <double>0.0</double>
             </void>
            </void>
            <void class="eDynamo.classes.T_GPS_MENUCONFIG" method="getField">
             <string>MENU_NAME</string>
             <void method="set">
              <object idref="T_GPS_MENUCONFIG80"/>
              <string>Window</string>
             </void>
            </void>
           </object>
          </void>
          <void index="17">
           <object class="eDynamo.classes.T_GPS_MENUCONFIG" id="T_GPS_MENUCONFIG81">
            <void class="eDynamo.classes.T_GPS_MENUCONFIG" method="getField">
             <string>modeId</string>
             <void method="set">
              <object idref="T_GPS_MENUCONFIG81"/>
              <double>0.0</double>
             </void>
            </void>
            <void class="eDynamo.classes.T_GPS_MENUCONFIG" method="getField">
             <string>MENU_NAME</string>
             <void method="set">
              <object idref="T_GPS_MENUCONFIG81"/>
              <string>Vertical</string>
             </void>
            </void>
           </object>
          </void>
          <void index="18">
           <object class="eDynamo.classes.T_GPS_MENUCONFIG" id="T_GPS_MENUCONFIG82">
            <void class="eDynamo.classes.T_GPS_MENUCONFIG" method="getField">
             <string>modeId</string>
             <void method="set">
              <object idref="T_GPS_MENUCONFIG82"/>
              <double>0.0</double>
             </void>
            </void>
            <void class="eDynamo.classes.T_GPS_MENUCONFIG" method="getField">
             <string>MENU_NAME</string>
             <void method="set">
              <object idref="T_GPS_MENUCONFIG82"/>
              <string>Horizontal</string>
             </void>
            </void>
           </object>
          </void>
          <void index="19">
           <object class="eDynamo.classes.T_GPS_MENUCONFIG" id="T_GPS_MENUCONFIG83">
            <void class="eDynamo.classes.T_GPS_MENUCONFIG" method="getField">
             <string>modeId</string>
             <void method="set">
              <object idref="T_GPS_MENUCONFIG83"/>
              <double>0.0</double>
             </void>
            </void>
            <void class="eDynamo.classes.T_GPS_MENUCONFIG" method="getField">
             <string>MENU_NAME</string>
             <void method="set">
              <object idref="T_GPS_MENUCONFIG83"/>
              <string>Tile</string>
             </void>
            </void>
           </object>
          </void>
          <void index="20">
           <object class="eDynamo.classes.T_GPS_MENUCONFIG" id="T_GPS_MENUCONFIG84">
            <void class="eDynamo.classes.T_GPS_MENUCONFIG" method="getField">
             <string>modeId</string>
             <void method="set">
              <object idref="T_GPS_MENUCONFIG84"/>
              <double>0.0</double>
             </void>
            </void>
            <void class="eDynamo.classes.T_GPS_MENUCONFIG" method="getField">
             <string>MENU_NAME</string>
             <void method="set">
              <object idref="T_GPS_MENUCONFIG84"/>
              <string>Cascade</string>
             </void>
            </void>
           </object>
          </void>
          <void index="21">
           <object class="eDynamo.classes.T_GPS_MENUCONFIG" id="T_GPS_MENUCONFIG85">
            <void class="eDynamo.classes.T_GPS_MENUCONFIG" method="getField">
             <string>modeId</string>
             <void method="set">
              <object idref="T_GPS_MENUCONFIG85"/>
              <double>0.0</double>
             </void>
            </void>
            <void class="eDynamo.classes.T_GPS_MENUCONFIG" method="getField">
             <string>MENU_NAME</string>
             <void method="set">
              <object idref="T_GPS_MENUCONFIG85"/>
              <string>Help</string>
             </void>
            </void>
           </object>
          </void>
          <void index="22">
           <object class="eDynamo.classes.T_GPS_MENUCONFIG" id="T_GPS_MENUCONFIG86">
            <void class="eDynamo.classes.T_GPS_MENUCONFIG" method="getField">
             <string>modeId</string>
             <void method="set">
              <object idref="T_GPS_MENUCONFIG86"/>
              <double>0.0</double>
             </void>
            </void>
            <void class="eDynamo.classes.T_GPS_MENUCONFIG" method="getField">
             <string>MENU_NAME</string>
             <void method="set">
              <object idref="T_GPS_MENUCONFIG86"/>
              <string>User Guide</string>
             </void>
            </void>
           </object>
          </void>
          <void index="23">
           <object class="eDynamo.classes.T_GPS_MENUCONFIG" id="T_GPS_MENUCONFIG87">
            <void class="eDynamo.classes.T_GPS_MENUCONFIG" method="getField">
             <string>modeId</string>
             <void method="set">
              <object idref="T_GPS_MENUCONFIG87"/>
              <double>0.0</double>
             </void>
            </void>
            <void class="eDynamo.classes.T_GPS_MENUCONFIG" method="getField">
             <string>MENU_NAME</string>
             <void method="set">
              <object idref="T_GPS_MENUCONFIG87"/>
              <string>Support</string>
             </void>
            </void>
           </object>
          </void>
          <void index="24">
           <object class="eDynamo.classes.T_GPS_MENUCONFIG" id="T_GPS_MENUCONFIG88">
            <void class="eDynamo.classes.T_GPS_MENUCONFIG" method="getField">
             <string>modeId</string>
             <void method="set">
              <object idref="T_GPS_MENUCONFIG88"/>
              <double>1.0</double>
             </void>
            </void>
            <void class="eDynamo.classes.T_GPS_MENUCONFIG" method="getField">
             <string>MENU_NAME</string>
             <void method="set">
              <object idref="T_GPS_MENUCONFIG88"/>
              <string>User</string>
             </void>
            </void>
           </object>
          </void>
          <void index="25">
           <object class="eDynamo.classes.T_GPS_MENUCONFIG" id="T_GPS_MENUCONFIG89">
            <void class="eDynamo.classes.T_GPS_MENUCONFIG" method="getField">
             <string>modeId</string>
             <void method="set">
              <object idref="T_GPS_MENUCONFIG89"/>
              <double>1.0</double>
             </void>
            </void>
            <void class="eDynamo.classes.T_GPS_MENUCONFIG" method="getField">
             <string>MENU_NAME</string>
             <void method="set">
              <object idref="T_GPS_MENUCONFIG89"/>
              <string>Preferences</string>
             </void>
            </void>
           </object>
          </void>
          <void index="26">
           <object class="eDynamo.classes.T_GPS_MENUCONFIG" id="T_GPS_MENUCONFIG90">
            <void class="eDynamo.classes.T_GPS_MENUCONFIG" method="getField">
             <string>modeId</string>
             <void method="set">
              <object idref="T_GPS_MENUCONFIG90"/>
              <double>1.0</double>
             </void>
            </void>
            <void class="eDynamo.classes.T_GPS_MENUCONFIG" method="getField">
             <string>MENU_NAME</string>
             <void method="set">
              <object idref="T_GPS_MENUCONFIG90"/>
              <string>Exit</string>
             </void>
            </void>
           </object>
          </void>
          <void index="27">
           <object class="eDynamo.classes.T_GPS_MENUCONFIG" id="T_GPS_MENUCONFIG91">
            <void class="eDynamo.classes.T_GPS_MENUCONFIG" method="getField">
             <string>modeId</string>
             <void method="set">
              <object idref="T_GPS_MENUCONFIG91"/>
              <double>1.0</double>
             </void>
            </void>
            <void class="eDynamo.classes.T_GPS_MENUCONFIG" method="getField">
             <string>MENU_NAME</string>
             <void method="set">
              <object idref="T_GPS_MENUCONFIG91"/>
              <string>View</string>
             </void>
            </void>
           </object>
          </void>
          <void index="28">
           <object class="eDynamo.classes.T_GPS_MENUCONFIG" id="T_GPS_MENUCONFIG92">
            <void class="eDynamo.classes.T_GPS_MENUCONFIG" method="getField">
             <string>modeId</string>
             <void method="set">
              <object idref="T_GPS_MENUCONFIG92"/>
              <double>1.0</double>
             </void>
            </void>
            <void class="eDynamo.classes.T_GPS_MENUCONFIG" method="getField">
             <string>MENU_NAME</string>
             <void method="set">
              <object idref="T_GPS_MENUCONFIG92"/>
              <string>Clear</string>
             </void>
            </void>
           </object>
          </void>
          <void index="29">
           <object class="eDynamo.classes.T_GPS_MENUCONFIG" id="T_GPS_MENUCONFIG93">
            <void class="eDynamo.classes.T_GPS_MENUCONFIG" method="getField">
             <string>modeId</string>
             <void method="set">
              <object idref="T_GPS_MENUCONFIG93"/>
              <double>1.0</double>
             </void>
            </void>
            <void class="eDynamo.classes.T_GPS_MENUCONFIG" method="getField">
             <string>MENU_NAME</string>
             <void method="set">
              <object idref="T_GPS_MENUCONFIG93"/>
              <string>Open</string>
             </void>
            </void>
           </object>
          </void>
          <void index="30">
           <object class="eDynamo.classes.T_GPS_MENUCONFIG" id="T_GPS_MENUCONFIG94">
            <void class="eDynamo.classes.T_GPS_MENUCONFIG" method="getField">
             <string>modeId</string>
             <void method="set">
              <object idref="T_GPS_MENUCONFIG94"/>
              <double>1.0</double>
             </void>
            </void>
            <void class="eDynamo.classes.T_GPS_MENUCONFIG" method="getField">
             <string>MENU_NAME</string>
             <void method="set">
              <object idref="T_GPS_MENUCONFIG94"/>
              <string>Save</string>
             </void>
            </void>
           </object>
          </void>
          <void index="31">
           <object class="eDynamo.classes.T_GPS_MENUCONFIG" id="T_GPS_MENUCONFIG95">
            <void class="eDynamo.classes.T_GPS_MENUCONFIG" method="getField">
             <string>modeId</string>
             <void method="set">
              <object idref="T_GPS_MENUCONFIG95"/>
              <double>1.0</double>
             </void>
            </void>
            <void class="eDynamo.classes.T_GPS_MENUCONFIG" method="getField">
             <string>MENU_NAME</string>
             <void method="set">
              <object idref="T_GPS_MENUCONFIG95"/>
              <string>Refresh</string>
             </void>
            </void>
           </object>
          </void>
          <void index="32">
           <object class="eDynamo.classes.T_GPS_MENUCONFIG" id="T_GPS_MENUCONFIG96">
            <void class="eDynamo.classes.T_GPS_MENUCONFIG" method="getField">
             <string>modeId</string>
             <void method="set">
              <object idref="T_GPS_MENUCONFIG96"/>
              <double>1.0</double>
             </void>
            </void>
            <void class="eDynamo.classes.T_GPS_MENUCONFIG" method="getField">
             <string>MENU_NAME</string>
             <void method="set">
              <object idref="T_GPS_MENUCONFIG96"/>
              <string>Record View</string>
             </void>
            </void>
           </object>
          </void>
          <void index="33">
           <object class="eDynamo.classes.T_GPS_MENUCONFIG" id="T_GPS_MENUCONFIG97">
            <void class="eDynamo.classes.T_GPS_MENUCONFIG" method="getField">
             <string>modeId</string>
             <void method="set">
              <object idref="T_GPS_MENUCONFIG97"/>
              <double>1.0</double>
             </void>
            </void>
            <void class="eDynamo.classes.T_GPS_MENUCONFIG" method="getField">
             <string>MENU_NAME</string>
             <void method="set">
              <object idref="T_GPS_MENUCONFIG97"/>
              <string>Find</string>
             </void>
            </void>
           </object>
          </void>
          <void index="34">
           <object class="eDynamo.classes.T_GPS_MENUCONFIG" id="T_GPS_MENUCONFIG98">
            <void class="eDynamo.classes.T_GPS_MENUCONFIG" method="getField">
             <string>modeId</string>
             <void method="set">
              <object idref="T_GPS_MENUCONFIG98"/>
              <double>1.0</double>
             </void>
            </void>
            <void class="eDynamo.classes.T_GPS_MENUCONFIG" method="getField">
             <string>MENU_NAME</string>
             <void method="set">
              <object idref="T_GPS_MENUCONFIG98"/>
              <string>Format</string>
             </void>
            </void>
           </object>
          </void>
          <void index="35">
           <object class="eDynamo.classes.T_GPS_MENUCONFIG" id="T_GPS_MENUCONFIG99">
            <void class="eDynamo.classes.T_GPS_MENUCONFIG" method="getField">
             <string>modeId</string>
             <void method="set">
              <object idref="T_GPS_MENUCONFIG99"/>
              <double>1.0</double>
             </void>
            </void>
            <void class="eDynamo.classes.T_GPS_MENUCONFIG" method="getField">
             <string>MENU_NAME</string>
             <void method="set">
              <object idref="T_GPS_MENUCONFIG99"/>
              <string>Text</string>
             </void>
            </void>
           </object>
          </void>
          <void index="36">
           <object class="eDynamo.classes.T_GPS_MENUCONFIG" id="T_GPS_MENUCONFIG100">
            <void class="eDynamo.classes.T_GPS_MENUCONFIG" method="getField">
             <string>modeId</string>
             <void method="set">
              <object idref="T_GPS_MENUCONFIG100"/>
              <double>1.0</double>
             </void>
            </void>
            <void class="eDynamo.classes.T_GPS_MENUCONFIG" method="getField">
             <string>MENU_NAME</string>
             <void method="set">
              <object idref="T_GPS_MENUCONFIG100"/>
              <string>Font</string>
             </void>
            </void>
           </object>
          </void>
          <void index="37">
           <object class="eDynamo.classes.T_GPS_MENUCONFIG" id="T_GPS_MENUCONFIG101">
            <void class="eDynamo.classes.T_GPS_MENUCONFIG" method="getField">
             <string>modeId</string>
             <void method="set">
              <object idref="T_GPS_MENUCONFIG101"/>
              <double>1.0</double>
             </void>
            </void>
            <void class="eDynamo.classes.T_GPS_MENUCONFIG" method="getField">
             <string>MENU_NAME</string>
             <void method="set">
              <object idref="T_GPS_MENUCONFIG101"/>
              <string>Bold</string>
             </void>
            </void>
           </object>
          </void>
          <void index="38">
           <object class="eDynamo.classes.T_GPS_MENUCONFIG" id="T_GPS_MENUCONFIG102">
            <void class="eDynamo.classes.T_GPS_MENUCONFIG" method="getField">
             <string>modeId</string>
             <void method="set">
              <object idref="T_GPS_MENUCONFIG102"/>
              <double>1.0</double>
             </void>
            </void>
            <void class="eDynamo.classes.T_GPS_MENUCONFIG" method="getField">
             <string>MENU_NAME</string>
             <void method="set">
              <object idref="T_GPS_MENUCONFIG102"/>
              <string>Italic</string>
             </void>
            </void>
           </object>
          </void>
          <void index="39">
           <object class="eDynamo.classes.T_GPS_MENUCONFIG" id="T_GPS_MENUCONFIG103">
            <void class="eDynamo.classes.T_GPS_MENUCONFIG" method="getField">
             <string>modeId</string>
             <void method="set">
              <object idref="T_GPS_MENUCONFIG103"/>
              <double>1.0</double>
             </void>
            </void>
            <void class="eDynamo.classes.T_GPS_MENUCONFIG" method="getField">
             <string>MENU_NAME</string>
             <void method="set">
              <object idref="T_GPS_MENUCONFIG103"/>
              <string>Foreground Color</string>
             </void>
            </void>
           </object>
          </void>
          <void index="40">
           <object class="eDynamo.classes.T_GPS_MENUCONFIG" id="T_GPS_MENUCONFIG104">
            <void class="eDynamo.classes.T_GPS_MENUCONFIG" method="getField">
             <string>modeId</string>
             <void method="set">
              <object idref="T_GPS_MENUCONFIG104"/>
              <double>1.0</double>
             </void>
            </void>
            <void class="eDynamo.classes.T_GPS_MENUCONFIG" method="getField">
             <string>MENU_NAME</string>
             <void method="set">
              <object idref="T_GPS_MENUCONFIG104"/>
              <string>Background Color</string>
             </void>
            </void>
           </object>
          </void>
          <void index="41">
           <object class="eDynamo.classes.T_GPS_MENUCONFIG" id="T_GPS_MENUCONFIG105">
            <void class="eDynamo.classes.T_GPS_MENUCONFIG" method="getField">
             <string>modeId</string>
             <void method="set">
              <object idref="T_GPS_MENUCONFIG105"/>
              <double>1.0</double>
             </void>
            </void>
            <void class="eDynamo.classes.T_GPS_MENUCONFIG" method="getField">
             <string>MENU_NAME</string>
             <void method="set">
              <object idref="T_GPS_MENUCONFIG105"/>
              <string>Date</string>
             </void>
            </void>
           </object>
          </void>
          <void index="42">
           <object class="eDynamo.classes.T_GPS_MENUCONFIG" id="T_GPS_MENUCONFIG106">
            <void class="eDynamo.classes.T_GPS_MENUCONFIG" method="getField">
             <string>modeId</string>
             <void method="set">
              <object idref="T_GPS_MENUCONFIG106"/>
              <double>1.0</double>
             </void>
            </void>
            <void class="eDynamo.classes.T_GPS_MENUCONFIG" method="getField">
             <string>MENU_NAME</string>
             <void method="set">
              <object idref="T_GPS_MENUCONFIG106"/>
              <string>Column Hide/Order</string>
             </void>
            </void>
           </object>
          </void>
          <void index="43">
           <object class="eDynamo.classes.T_GPS_MENUCONFIG" id="T_GPS_MENUCONFIG107">
            <void class="eDynamo.classes.T_GPS_MENUCONFIG" method="getField">
             <string>modeId</string>
             <void method="set">
              <object idref="T_GPS_MENUCONFIG107"/>
              <double>1.0</double>
             </void>
            </void>
            <void class="eDynamo.classes.T_GPS_MENUCONFIG" method="getField">
             <string>MENU_NAME</string>
             <void method="set">
              <object idref="T_GPS_MENUCONFIG107"/>
              <string>Column Sort</string>
             </void>
            </void>
           </object>
          </void>
          <void index="44">
           <object class="eDynamo.classes.T_GPS_MENUCONFIG" id="T_GPS_MENUCONFIG108">
            <void class="eDynamo.classes.T_GPS_MENUCONFIG" method="getField">
             <string>modeId</string>
             <void method="set">
              <object idref="T_GPS_MENUCONFIG108"/>
              <double>1.0</double>
             </void>
            </void>
            <void class="eDynamo.classes.T_GPS_MENUCONFIG" method="getField">
             <string>MENU_NAME</string>
             <void method="set">
              <object idref="T_GPS_MENUCONFIG108"/>
              <string>Pivot</string>
             </void>
            </void>
           </object>
          </void>
          <void index="45">
           <object class="eDynamo.classes.T_GPS_MENUCONFIG" id="T_GPS_MENUCONFIG109">
            <void class="eDynamo.classes.T_GPS_MENUCONFIG" method="getField">
             <string>modeId</string>
             <void method="set">
              <object idref="T_GPS_MENUCONFIG109"/>
              <double>1.0</double>
             </void>
            </void>
            <void class="eDynamo.classes.T_GPS_MENUCONFIG" method="getField">
             <string>MENU_NAME</string>
             <void method="set">
              <object idref="T_GPS_MENUCONFIG109"/>
              <string>Tools</string>
             </void>
            </void>
           </object>
          </void>
          <void index="46">
           <object class="eDynamo.classes.T_GPS_MENUCONFIG" id="T_GPS_MENUCONFIG110">
            <void class="eDynamo.classes.T_GPS_MENUCONFIG" method="getField">
             <string>modeId</string>
             <void method="set">
              <object idref="T_GPS_MENUCONFIG110"/>
              <double>1.0</double>
             </void>
            </void>
            <void class="eDynamo.classes.T_GPS_MENUCONFIG" method="getField">
             <string>MENU_NAME</string>
             <void method="set">
              <object idref="T_GPS_MENUCONFIG110"/>
              <string>Export</string>
             </void>
            </void>
           </object>
          </void>
          <void index="47">
           <object class="eDynamo.classes.T_GPS_MENUCONFIG" id="T_GPS_MENUCONFIG111">
            <void class="eDynamo.classes.T_GPS_MENUCONFIG" method="getField">
             <string>modeId</string>
             <void method="set">
              <object idref="T_GPS_MENUCONFIG111"/>
              <double>1.0</double>
             </void>
            </void>
            <void class="eDynamo.classes.T_GPS_MENUCONFIG" method="getField">
             <string>MENU_NAME</string>
             <void method="set">
              <object idref="T_GPS_MENUCONFIG111"/>
              <string>Query</string>
             </void>
            </void>
           </object>
          </void>
          <void index="48">
           <object class="eDynamo.classes.T_GPS_MENUCONFIG" id="T_GPS_MENUCONFIG112">
            <void class="eDynamo.classes.T_GPS_MENUCONFIG" method="getField">
             <string>modeId</string>
             <void method="set">
              <object idref="T_GPS_MENUCONFIG112"/>
              <double>1.0</double>
             </void>
            </void>
            <void class="eDynamo.classes.T_GPS_MENUCONFIG" method="getField">
             <string>MENU_NAME</string>
             <void method="set">
              <object idref="T_GPS_MENUCONFIG112"/>
              <string>Conditions</string>
             </void>
            </void>
           </object>
          </void>
          <void index="49">
           <object class="eDynamo.classes.T_GPS_MENUCONFIG" id="T_GPS_MENUCONFIG113">
            <void class="eDynamo.classes.T_GPS_MENUCONFIG" method="getField">
             <string>modeId</string>
             <void method="set">
              <object idref="T_GPS_MENUCONFIG113"/>
              <double>1.0</double>
             </void>
            </void>
            <void class="eDynamo.classes.T_GPS_MENUCONFIG" method="getField">
             <string>MENU_NAME</string>
             <void method="set">
              <object idref="T_GPS_MENUCONFIG113"/>
              <string>Freeze Panes</string>
             </void>
            </void>
           </object>
          </void>
          <void index="50">
           <object class="eDynamo.classes.T_GPS_MENUCONFIG" id="T_GPS_MENUCONFIG114">
            <void class="eDynamo.classes.T_GPS_MENUCONFIG" method="getField">
             <string>modeId</string>
             <void method="set">
              <object idref="T_GPS_MENUCONFIG114"/>
              <double>1.0</double>
             </void>
            </void>
            <void class="eDynamo.classes.T_GPS_MENUCONFIG" method="getField">
             <string>MENU_NAME</string>
             <void method="set">
              <object idref="T_GPS_MENUCONFIG114"/>
              <string>Update</string>
             </void>
            </void>
           </object>
          </void>
          <void index="51">
           <object class="eDynamo.classes.T_GPS_MENUCONFIG" id="T_GPS_MENUCONFIG115">
            <void class="eDynamo.classes.T_GPS_MENUCONFIG" method="getField">
             <string>modeId</string>
             <void method="set">
              <object idref="T_GPS_MENUCONFIG115"/>
              <double>1.0</double>
             </void>
            </void>
            <void class="eDynamo.classes.T_GPS_MENUCONFIG" method="getField">
             <string>MENU_NAME</string>
             <void method="set">
              <object idref="T_GPS_MENUCONFIG115"/>
              <string>Add New Record</string>
             </void>
            </void>
           </object>
          </void>
          <void index="52">
           <object class="eDynamo.classes.T_GPS_MENUCONFIG" id="T_GPS_MENUCONFIG116">
            <void class="eDynamo.classes.T_GPS_MENUCONFIG" method="getField">
             <string>modeId</string>
             <void method="set">
              <object idref="T_GPS_MENUCONFIG116"/>
              <double>1.0</double>
             </void>
            </void>
            <void class="eDynamo.classes.T_GPS_MENUCONFIG" method="getField">
             <string>MENU_NAME</string>
             <void method="set">
              <object idref="T_GPS_MENUCONFIG116"/>
              <string>Graphs</string>
             </void>
            </void>
           </object>
          </void>
          <void index="53">
           <object class="eDynamo.classes.T_GPS_MENUCONFIG" id="T_GPS_MENUCONFIG117">
            <void class="eDynamo.classes.T_GPS_MENUCONFIG" method="getField">
             <string>modeId</string>
             <void method="set">
              <object idref="T_GPS_MENUCONFIG117"/>
              <double>1.0</double>
             </void>
            </void>
            <void class="eDynamo.classes.T_GPS_MENUCONFIG" method="getField">
             <string>MENU_NAME</string>
             <void method="set">
              <object idref="T_GPS_MENUCONFIG117"/>
              <string>Mail Configuration</string>
             </void>
            </void>
           </object>
          </void>
          <void index="54">
           <object class="eDynamo.classes.T_GPS_MENUCONFIG" id="T_GPS_MENUCONFIG118">
            <void class="eDynamo.classes.T_GPS_MENUCONFIG" method="getField">
             <string>modeId</string>
             <void method="set">
              <object idref="T_GPS_MENUCONFIG118"/>
              <double>1.0</double>
             </void>
            </void>
            <void class="eDynamo.classes.T_GPS_MENUCONFIG" method="getField">
             <string>MENU_NAME</string>
             <void method="set">
              <object idref="T_GPS_MENUCONFIG118"/>
              <string>Mass Update</string>
             </void>
            </void>
           </object>
          </void>
          <void index="55">
           <object class="eDynamo.classes.T_GPS_MENUCONFIG" id="T_GPS_MENUCONFIG119">
            <void class="eDynamo.classes.T_GPS_MENUCONFIG" method="getField">
             <string>modeId</string>
             <void method="set">
              <object idref="T_GPS_MENUCONFIG119"/>
              <double>1.0</double>
             </void>
            </void>
            <void class="eDynamo.classes.T_GPS_MENUCONFIG" method="getField">
             <string>MENU_NAME</string>
             <void method="set">
              <object idref="T_GPS_MENUCONFIG119"/>
              <string>Window</string>
             </void>
            </void>
           </object>
          </void>
          <void index="56">
           <object class="eDynamo.classes.T_GPS_MENUCONFIG" id="T_GPS_MENUCONFIG120">
            <void class="eDynamo.classes.T_GPS_MENUCONFIG" method="getField">
             <string>modeId</string>
             <void method="set">
              <object idref="T_GPS_MENUCONFIG120"/>
              <double>1.0</double>
             </void>
            </void>
            <void class="eDynamo.classes.T_GPS_MENUCONFIG" method="getField">
             <string>MENU_NAME</string>
             <void method="set">
              <object idref="T_GPS_MENUCONFIG120"/>
              <string>Vertical</string>
             </void>
            </void>
           </object>
          </void>
          <void index="57">
           <object class="eDynamo.classes.T_GPS_MENUCONFIG" id="T_GPS_MENUCONFIG121">
            <void class="eDynamo.classes.T_GPS_MENUCONFIG" method="getField">
             <string>modeId</string>
             <void method="set">
              <object idref="T_GPS_MENUCONFIG121"/>
              <double>1.0</double>
             </void>
            </void>
            <void class="eDynamo.classes.T_GPS_MENUCONFIG" method="getField">
             <string>MENU_NAME</string>
             <void method="set">
              <object idref="T_GPS_MENUCONFIG121"/>
              <string>Horizontal</string>
             </void>
            </void>
           </object>
          </void>
          <void index="58">
           <object class="eDynamo.classes.T_GPS_MENUCONFIG" id="T_GPS_MENUCONFIG122">
            <void class="eDynamo.classes.T_GPS_MENUCONFIG" method="getField">
             <string>modeId</string>
             <void method="set">
              <object idref="T_GPS_MENUCONFIG122"/>
              <double>1.0</double>
             </void>
            </void>
            <void class="eDynamo.classes.T_GPS_MENUCONFIG" method="getField">
             <string>MENU_NAME</string>
             <void method="set">
              <object idref="T_GPS_MENUCONFIG122"/>
              <string>Tile</string>
             </void>
            </void>
           </object>
          </void>
          <void index="59">
           <object class="eDynamo.classes.T_GPS_MENUCONFIG" id="T_GPS_MENUCONFIG123">
            <void class="eDynamo.classes.T_GPS_MENUCONFIG" method="getField">
             <string>modeId</string>
             <void method="set">
              <object idref="T_GPS_MENUCONFIG123"/>
              <double>1.0</double>
             </void>
            </void>
            <void class="eDynamo.classes.T_GPS_MENUCONFIG" method="getField">
             <string>MENU_NAME</string>
             <void method="set">
              <object idref="T_GPS_MENUCONFIG123"/>
              <string>Help</string>
             </void>
            </void>
           </object>
          </void>
          <void index="60">
           <object class="eDynamo.classes.T_GPS_MENUCONFIG" id="T_GPS_MENUCONFIG124">
            <void class="eDynamo.classes.T_GPS_MENUCONFIG" method="getField">
             <string>modeId</string>
             <void method="set">
              <object idref="T_GPS_MENUCONFIG124"/>
              <double>1.0</double>
             </void>
            </void>
            <void class="eDynamo.classes.T_GPS_MENUCONFIG" method="getField">
             <string>MENU_NAME</string>
             <void method="set">
              <object idref="T_GPS_MENUCONFIG124"/>
              <string>User Guide</string>
             </void>
            </void>
           </object>
          </void>
          <void index="61">
           <object class="eDynamo.classes.T_GPS_MENUCONFIG" id="T_GPS_MENUCONFIG125">
            <void class="eDynamo.classes.T_GPS_MENUCONFIG" method="getField">
             <string>modeId</string>
             <void method="set">
              <object idref="T_GPS_MENUCONFIG125"/>
              <double>1.0</double>
             </void>
            </void>
            <void class="eDynamo.classes.T_GPS_MENUCONFIG" method="getField">
             <string>MENU_NAME</string>
             <void method="set">
              <object idref="T_GPS_MENUCONFIG125"/>
              <string>Support</string>
             </void>
            </void>
           </object>
          </void>
          <void index="62">
           <object class="eDynamo.classes.T_GPS_MENUCONFIG" id="T_GPS_MENUCONFIG126">
            <void class="eDynamo.classes.T_GPS_MENUCONFIG" method="getField">
             <string>modeId</string>
             <void method="set">
              <object idref="T_GPS_MENUCONFIG126"/>
              <double>1.0</double>
             </void>
            </void>
            <void class="eDynamo.classes.T_GPS_MENUCONFIG" method="getField">
             <string>MENU_NAME</string>
             <void method="set">
              <object idref="T_GPS_MENUCONFIG126"/>
              <string>About</string>
             </void>
            </void>
           </object>
          </void>
          <void index="63">
           <object class="eDynamo.classes.T_GPS_MENUCONFIG" id="T_GPS_MENUCONFIG127">
            <void class="eDynamo.classes.T_GPS_MENUCONFIG" method="getField">
             <string>modeId</string>
             <void method="set">
              <object idref="T_GPS_MENUCONFIG127"/>
              <double>1.0</double>
             </void>
            </void>
            <void class="eDynamo.classes.T_GPS_MENUCONFIG" method="getField">
             <string>MENU_NAME</string>
             <void method="set">
              <object idref="T_GPS_MENUCONFIG127"/>
              <string>Migration Reports</string>
             </void>
            </void>
           </object>
          </void>
         </array>
        </void>
       </void>
      </object>
     </void>
    </array>
   </void>
  </void>
 </object>
</java>
