<MigrationProcessCSVMetadataVO>
   <MigrationProcessCSVMetadataVORow>
      <ProcessId>-999</ProcessId>
      <ProcessName>Manage Accounting Calendars_20221011_070345_938</ProcessName>
      <ProcessDescription>Manage Accounting Calendars_20221011_070345_938</ProcessDescription>
      <ProcessDate>2022-10-11 07:04:29.182</ProcessDate>
      <ObjectShortName>GL_MANAGE_ACCOUNTING_CALENDARS</ObjectShortName>
      <ObjectType>TASK</ObjectType>
      <CreatedByFlow>TASK_CSV_SERVICE</CreatedByFlow>
      <MigrationProcessBusinessObjectCSVMetadata1>
         <MigrationProcessBusinessObjectCSVMetadataVORow>
            <ProcessId>-999</ProcessId>
            <BusinessObjectShortName>GL_PERIOD_DEF</BusinessObjectShortName>
            <BatchName>Calendar</BatchName>
            <XmlAttributeList>PeriodName,PeriodSetName,LastUpdateDate,LastUpdatedBy,StartDate,EndDate,YearStartDate,QuarterStartDate,PeriodYear,PeriodNum,QuarterNum,EnteredPeriodName,AdjustmentPeriodFlag,CreationDate,CreatedBy,LastUpdateLogin,Description,Attribute1,Attribute2,Attribute3,Attribute4,Attribute5,Attribute6,Attribute7,Attribute8,ConfirmationStatus,PeriodStatus,RequiredPrevPrdNum,RqrdPrevNonAdjEndDate,CurrentPeriodYear,AttributeCategory,FiscalYear,GlobalAttribute1,GlobalAttribute10,GlobalAttribute11,GlobalAttribute12,GlobalAttribute13,GlobalAttribute14,GlobalAttribute15,GlobalAttribute16,GlobalAttribute17,GlobalAttribute18,GlobalAttribute19,GlobalAttribute2,GlobalAttribute20,GlobalAttribute3,GlobalAttribute4,GlobalAttribute5,GlobalAttribute6,GlobalAttribute7,GlobalAttribute8,GlobalAttribute9,GlobalAttributeCategory,GlobalAttributeDate1,GlobalAttributeDate2,GlobalAttributeDate3,GlobalAttributeDate4,GlobalAttributeDate5,GlobalAttributeNumber1,GlobalAttributeNumber2,GlobalAttributeNumber3,GlobalAttributeNumber4,GlobalAttributeNumber5</XmlAttributeList>
            <XmlAttributeTypeList>string,string,dateTime,string,date,date,date,date,long,long,long,string,string,dateTime,string,string,string,string,string,string,string,string,string,string,string,string,int,long,date,long,string,string,string,string,string,string,string,string,string,string,string,string,string,string,string,string,string,string,string,string,string,string,string,date,date,date,date,date,decimal,decimal,decimal,decimal,decimal</XmlAttributeTypeList>
            <XmlNodePath>/CalendarVO/CalendarVORow/Period/PeriodVORow</XmlNodePath>
            <NodeSequence>2</NodeSequence>
         </MigrationProcessBusinessObjectCSVMetadataVORow>
         <MigrationProcessBusinessObjectCSVMetadataVORow>
            <ProcessId>-999</ProcessId>
            <BusinessObjectShortName>GL_PERIOD_SET</BusinessObjectShortName>
            <BatchName>Calendar</BatchName>
            <XmlAttributeList>UserPeriodSetName,PeriodSetName,Description,SecurityFlag,AdjPeriodsNum,NonAdjPeriodsNum,LatestYearStartDate,CalendarStartDate,CalendarTypeCode,LegacyCalendarFlag,Attribute1,Attribute2,Attribute3,Attribute4,Attribute5,CreationDate,CreatedBy,LastUpdateDate,LastUpdateLogin,LastUpdatedBy,NonAdjPeriodFreqCode,AdjPeriodFreqCode,LegacyRulesEnabledFlag,PeriodNameFormatCode,PeriodNameSeparatorCode,ReferencedByLedger,TotalPeriodsNum,CalendarFlowType,AttributeCategory,SamplePeriodName,UserPeriodNamePrefix</XmlAttributeList>
            <XmlAttributeTypeList>string,string,string,string,long,long,date,date,string,string,string,string,string,string,string,dateTime,string,dateTime,string,string,string,string,string,string,string,string,long,string,string,string,string</XmlAttributeTypeList>
            <XmlNodePath>/CalendarVO/CalendarVORow</XmlNodePath>
            <NodeSequence>1</NodeSequence>
         </MigrationProcessBusinessObjectCSVMetadataVORow>
      </MigrationProcessBusinessObjectCSVMetadata1>
      <MigrationProcessBatchCSVMetadata>
         <MigrationProcessBatchCSVMetadataVORow>
            <ProcessId>-999</ProcessId>
            <BatchName>Calendar</BatchName>
            <ImportSequence>0</ImportSequence>
            <ServiceName>oracle.apps.financials.generalLedger.calendars.accounting.calendarsService.CalendarsService</ServiceName>
            <BatchSize>500</BatchSize>
         </MigrationProcessBatchCSVMetadataVORow>
      </MigrationProcessBatchCSVMetadata>
      <MigrationProcessScopeValueCSVMetadata null="true"/>
      <MigrationProcessMigrationObjectCSVMetadata>
         <MigrationProcessMigrationObjectCSVMetadataVORow>
            <ProcessId>-999</ProcessId>
            <BusinessObjectShortName>GL_PERIOD_SET</BusinessObjectShortName>
            <MigrateFlag>Y</MigrateFlag>
            <IncludeExternalDataFlag>Y</IncludeExternalDataFlag>
         </MigrationProcessMigrationObjectCSVMetadataVORow>
      </MigrationProcessMigrationObjectCSVMetadata>
      <MigrationProcessTaskCSVMetadata null="true"/>
      <MigrationProcessServiceVersionCSVMetadata null="true"/>
   </MigrationProcessCSVMetadataVORow>
</MigrationProcessCSVMetadataVO>